ranking_regionale,regione,valore_normalizzato_regionale,popolazione_totale,popolazione_con_indice,copertura_popolazione_pct,n_celle_con_indice
1,Sardegna,0.9396575438246024,1570453.000000005,1232828.8422427555,78.50147965222465,55598
2,Puglia,0.9383169899367215,3890928.0647312854,3134105.4945912724,80.54904748817862,58334
3,Lazio,0.9358403887799969,5714673.136243836,5454757.448545677,95.45178382907483,59323
4,Lombardia,0.9316433383084737,10011298.199658534,9981913.515723728,99.70648478000777,82316
5,Sicilia,0.9278712111157055,4797358.99999293,3135027.709264201,65.349032858888,70484
6,Liguria,0.9218792943809485,1508752.3989127844,946007.3586564194,62.70129938736918,16771
7,Campania,0.9203023336910258,5593711.5810845075,4359460.012149274,77.93501593630724,48277
8,Toscana,0.9159963139944263,3661164.7601437327,3191832.136505422,87.18078386562736,82305
9,Piemonte,0.9101724593096333,4251459.987015214,4225785.255616655,99.39609612987127,78217
10,Trentino-Alto Adige,0.901814688493988,1082503.9742274883,1077472.5755550973,99.53520737178064,33950
11,Friuli-Venezia Giulia,0.8787960479698577,1194399.8050790518,1052155.284891688,88.09071136963647,21648
12,Calabria,0.8771537785191164,1838540.563400822,1475281.2287109224,80.24197333900732,45069
13,Marche,0.8698321722520228,1482603.6704929462,1247900.1647130384,84.1695046052414,33716
14,Veneto,0.8590277188901386,4852504.254212153,4806934.080847464,99.0608936957627,62451
15,Emilia-Romagna,0.8578179093411092,4453148.245474482,4283562.0794132,96.19176913246433,84405
16,Umbria,0.856364301609354,852944.8412507785,852944.8412507785,100.0,31218
17,Abruzzo,0.853959801691421,1269167.8566092153,892158.137744633,70.29473155175677,29842
18,Molise,0.8437737322888408,289462.5725440431,289409.99460729485,99.9818360155214,15849
19,Valle d'Aosta,0.8417339472423679,122925.39933846073,120999.91217603748,98.43361325422939,5342
20,Basilicata,0.8394185796115615,533228.689580694,533226.7912082204,99.99964398530862,35014
