ranking_provinciale,regione,provincia,valore_normalizzato_provinciale,popolazione_totale,popolazione_con_indice,copertura_popolazione_pct,n_celle_con_indice
1,Sardegna,Cagliari,0.972615244437073,418999.13620068756,418998.78199074493,99.99991546284657,3989
2,Lazio,Roma,0.9681007873471265,4226149.968710792,4069647.8762494223,96.29681640216114,19046
3,Campania,Napoli,0.9621131886560216,2973006.964136175,1775986.7206897007,59.73705215338183,3476
4,Sicilia,Siracusa,0.961287459580178,383817.08134930074,285585.4534497734,74.40665549480076,6211
5,Friuli-Venezia Giulia,Trieste,0.9593105173855748,228396.36149164534,190205.35651869213,83.27862811669607,672
6,Puglia,Barletta-Andria-Trani,0.958534657379797,377955.5428044408,266899.7984083919,70.61671762450892,3651
7,Lombardia,Milano,0.9574337016402298,3247764.246701629,3247764.246701629,100.0,6156
8,Lombardia,Monza e della Brianza,0.9508473394764437,874366.7282603475,874366.7282603475,100.0,1621
9,Sicilia,Catania,0.9505417856876248,1071788.8806387545,881528.0412563428,82.2482913548215,9926
10,Puglia,Bari,0.9458479161390757,1221653.1592812587,915100.3005025713,74.90671910847075,12197
11,Toscana,Prato,0.9437513706907842,260878.55209910285,260878.55209910285,100.0,1375
12,Piemonte,Novara,0.9406095580038054,363369.3644301999,363369.3644301999,100.0,5041
13,Sardegna,Oristano,0.9403078398095515,149085.55495116202,143518.2560947046,96.26570202708022,8368
14,Lombardia,Varese,0.9376096623321901,880918.6108050362,869548.457537124,98.70928447549527,4419
15,Sicilia,Ragusa,0.9370934089672928,319227.5236614884,193091.7436015935,60.48718524858454,3842
16,Puglia,Lecce,0.9366280697095196,767260.530910763,606480.2443682882,79.04489022110607,7515
17,Toscana,Firenze,0.936146570067494,988211.51967045,988211.51967045,100.0,13579
18,Liguria,Genova,0.9347750425641489,817432.1246513997,710352.9495969565,86.90054234165217,6553
19,Lombardia,Lecco,0.9339273129318063,332906.7884536824,332906.7884536824,100.0,2864
20,Piemonte,Torino,0.9337126881777007,2204752.7972726426,2185525.3989619585,99.12791137698208,19119
21,Puglia,Taranto,0.9324518517283686,553622.8107412705,530571.9481020346,95.83635966726659,8305
22,Puglia,Foggia,0.930518614499778,593363.0813337035,539193.525303399,90.87075725902133,20751
23,Lombardia,Bergamo,0.9285765900454385,1108890.8512117458,1108890.8512117458,100.0,9268
24,Sardegna,Sud Sardegna,0.9280265061326034,331785.2300767254,304611.98994893156,91.8099910229548,16693
25,Sardegna,Nuoro,0.9267423918817368,197118.54362106897,164549.0845403426,83.4772221413444,9793
26,Puglia,Brindisi,0.9240103100879629,377072.93965984887,275859.67790658737,73.15817416000091,5915
27,Campania,Caserta,0.923088874495124,904366.3225915966,903771.5424121468,99.93423238298553,10054
28,Sicilia,Palermo,0.9219553505489994,1200281.7330679588,773957.8150504697,64.4813458147204,13807
29,Lombardia,Como,0.9217051114673638,597891.5496157358,582175.8412536104,97.37147842744628,3925
30,Toscana,Pistoia,0.9210324021486053,288909.4303330034,288909.4303330034,100.0,3668
31,Toscana,Lucca,0.9199660251636762,381172.058260085,325417.8422785915,85.37295303438775,6247
32,Toscana,Pisa,0.9198983813940443,418379.90967818844,385121.2752235284,92.050613883386,8680
33,Lombardia,Pavia,0.9174476717759279,538128.1613802781,538128.1613802781,100.0,11267
34,Piemonte,Vercelli,0.9172958539641286,165699.80379356246,165699.80379356246,100.0,6530
35,Trentino-Alto Adige,Trento,0.9168757917539472,544960.1152624952,544960.1152624952,100.0,15153
36,Sicilia,Agrigento,0.9145948474844626,410513.02143602516,243572.7302749281,59.33374035807212,8823
37,Lombardia,Brescia,0.9137066403996137,1262363.5845956872,1262363.5845956872,100.0,16148
38,Lazio,Latina,0.9132958991361495,566416.4115346443,468562.12690725486,82.72396727307675,7089
39,Friuli-Venezia Giulia,Gorizia,0.912974553458704,138314.9361216419,74086.44501525273,53.56358979922238,1042
40,Lombardia,Lodi,0.9113012176115423,230217.9717797649,230217.9717797649,100.0,2827
41,Liguria,Imperia,0.9106393789383821,208844.31370783717,70234.24715738557,33.6299542517781,2717
42,Sicilia,Caltanissetta,0.910273015086994,247087.22655373497,176104.483923223,71.27219256917957,6217
43,Toscana,Siena,0.9064645689336485,260683.74145785402,260683.74145785402,100.0,14300
44,Piemonte,Verbano-Cusio-Ossola,0.9015361357922679,153758.5743264258,147398.39122369536,95.86352622571285,4835
45,Campania,Salerno,0.9009743634439756,1058587.3332749302,1021950.7879656213,96.53910979683016,16377
46,Sicilia,Enna,0.9007460036143797,153615.3177433808,153615.3177433808,100.0,8907
47,Sardegna,Sassari,0.8987208999073413,473464.53515036096,201150.7296680319,42.48485678112116,16755
48,Basilicata,Matera,0.8961291689852187,190000.46285809408,189998.5644856206,99.9990008590269,11818
49,Sicilia,Messina,0.8950645564453897,598077.8329530251,141308.6000345989,23.627125475773607,6857
50,Toscana,Livorno,0.8938794596047647,326012.93994175206,45053.58697225719,13.819570161941058,1889
51,Calabria,Reggio di Calabria,0.8921393065625512,515800.8718885243,402527.81573783164,78.0393825749148,8862
52,Lombardia,Cremona,0.8911600891055794,353087.8051697692,353087.8051697692,100.0,6781
53,Toscana,Massa Carrara,0.8883354580274059,187326.70699793473,98584.30219129237,52.62693385859778,3826
54,Sicilia,Trapani,0.8873684810700335,412950.3825892618,286263.5239298911,69.32153014000743,5894
55,Marche,Fermo,0.8873323934336074,167243.3654787384,167243.3654787384,100.0,3312
56,Calabria,Vibo Valentia,0.8866288139591995,149771.6510743845,83521.72503487694,55.766044131673254,3455
57,Trentino-Alto Adige,Bolzano,0.8864015269615467,537543.858964993,532512.4602926021,99.06400220401018,18797
58,Calabria,Catanzaro,0.8855311418621374,340913.3661308804,328610.3818438818,96.3911698662248,8571
59,Emilia-Romagna,Bologna,0.8848604035906412,1018446.1656103653,1018446.1656103653,100.0,14530
60,Marche,Ancona,0.8813547398465517,461854.18614237,393317.3449935381,85.16050233921558,7083
61,Liguria,Savona,0.8800439480603891,267732.45334408776,98941.15108881338,36.95523267836901,4703
62,Piemonte,Alessandria,0.8791505324392984,406339.69464623806,406339.69464623806,100.0,13268
63,Emilia-Romagna,Rimini,0.8788971406426695,340328.9841725371,233708.30305026358,68.67128981637958,3176
64,Veneto,Padova,0.8781772545887979,931921.5734604098,931921.5734604098,100.0,8477
65,Toscana,Grosseto,0.8758233953002941,215834.2075768765,205216.19215085654,95.08047610004637,16389
66,Veneto,Venezia,0.8752176458230683,834166.5042230993,793087.5833063878,95.0754530769645,7390
67,Veneto,Verona,0.8730778698427862,926739.6057597535,926739.6057597535,100.0,11652
68,Lazio,Viterbo,0.8721326101774182,307688.57740104897,302129.266791649,98.19320214732774,12642
69,Marche,Ascoli Piceno,0.871937268668443,201088.43727519014,158268.84226568986,78.70608793338945,4406
70,Piemonte,Asti,0.8708179626225857,207259.0892038064,207259.0892038064,100.0,6007
71,Piemonte,Biella,0.8674357242549644,168620.0247930138,168620.0247930138,100.0,2953
72,Calabria,Crotone,0.8657647727557639,161918.29342604935,133604.2943207583,82.51340320714131,4838
73,Emilia-Romagna,Parma,0.8652901559538346,454027.8816531954,454027.8816531954,100.0,13202
74,Toscana,Arezzo,0.8652085740973864,333755.69412848575,333755.69412848575,100.0,12352
75,Umbria,Terni,0.8648940311184167,215869.80399927933,215869.80399927933,100.0,8222
76,Marche,Macerata,0.8625670675465902,302621.0634420123,288018.1046092082,95.17450680177049,9655
77,Calabria,Cosenza,0.8618701510749377,670136.3808809833,527017.0117735737,78.64324737611467,19343
78,Abruzzo,L'Aquila,0.8616807221952185,286830.09770731046,286830.09770731046,100.0,10884
79,Veneto,Vicenza,0.8616283418857281,852915.541248873,852915.541248873,100.0,10029
80,Friuli-Venezia Giulia,Udine,0.861491795880967,516935.27396913036,477110.2498611091,92.29593604587343,13294
81,Emilia-Romagna,Piacenza,0.860690827601264,285378.98475656717,285378.98475656717,100.0,9783
82,Liguria,La Spezia,0.858222083073964,214743.5072094599,66479.01081326396,30.95740200816438,2798
83,Abruzzo,Chieti,0.8562524060289322,370251.0430226614,302070.8961940749,81.58542747861658,8849
84,Emilia-Romagna,Modena,0.8536981626344414,706200.6066935197,706200.6066935197,100.0,10666
85,Umbria,Perugia,0.8534740439008868,637075.0372514992,637075.0372514992,100.0,22996
86,Emilia-Romagna,Ravenna,0.8522788186933437,386994.0684358094,385991.56121903635,99.7409502370863,7160
87,Abruzzo,Pescara,0.8517769878812513,312953.6954603997,120317.44369572881,38.44576544102623,4054
88,Piemonte,Cuneo,0.8509421881198681,581660.638549325,581573.48856418,99.98501703925463,20464
89,Lombardia,Mantova,0.8493469486933741,405840.5579915944,405840.5579915944,100.0,9218
90,Lombardia,Sondrio,0.8486639137006936,178921.3436932632,176622.52138849537,98.71517715141418,7822
91,Friuli-Venezia Giulia,Pordenone,0.8479342249663441,310753.23349663406,310753.23349663406,100.0,6640
92,Emilia-Romagna,Reggio nell'Emilia,0.8474679121457327,530194.4444660239,530194.4444660239,100.0,8763
93,Molise,Campobasso,0.8467856924877549,210255.9392653588,210203.36132861048,99.97499336431017,10657
94,Marche,Pesaro e Urbino,0.8461879001855765,349796.6181546355,241052.5073658639,68.91218921370509,9260
95,Emilia-Romagna,Forli'-Cesena,0.8417797364777211,392762.5557848831,363873.7326598287,92.64471047467242,8819
96,Valle d'Aosta,Aosta,0.8417339472423679,122925.39933846073,120999.91217603748,98.43361325422939,5342
97,Abruzzo,Teramo,0.839504268805398,299133.0204188437,182939.7001475188,61.156638572153646,6055
98,Veneto,Treviso,0.8383642693607318,881208.2297048584,881208.2297048584,100.0,9821
99,Campania,Benevento,0.8358492154032797,261050.83943352484,261050.83943352484,100.0,8071
100,Molise,Isernia,0.8357804098637843,79206.63327868437,79206.63327868437,100.0,5192
101,Campania,Avellino,0.8321371788930757,396700.1216482809,396700.1216482809,100.0,10299
102,Lazio,Rieti,0.8130950210750085,149717.10132079737,149717.10132079737,100.0,9017
103,Veneto,Belluno,0.8119838782018378,197875.8488820729,197869.86101062264,99.99697392507268,8878
104,Basilicata,Potenza,0.8080256761927037,343228.2267225999,343228.2267225999,100.0,23196
105,Emilia-Romagna,Ferrara,0.7913909533719211,338814.5539015802,305740.3993043991,90.2382721709208,8306
106,Veneto,Rovigo,0.7765538647258172,227676.95093308645,223191.6863565584,98.02998741939133,6204
107,Lazio,Frosinone,0.7570159627776524,464701.0772765533,464701.0772765533,100.0,11529
