region_id,n,pct_bad
ITG12,2776,8.9609
ITG11,2105,6.7949
ITG18,1659,5.3552
ITG14,1525,4.9227
ITF31,1485,4.7936
ITG19,1285,4.148
ITF35,1221,3.9414
ITC46,747,2.4113
ITF33,635,2.0498
ITG13,633,2.0433
ITG17,633,2.0433
ITG15,530,1.7108
ITI44,516,1.6656
ITF34,474,1.5301
ITH34,422,1.3622
ITF46,394,1.2718
ITH31,392,1.2654
ITH32,389,1.2557
ITI43,388,1.2525
ITC47,382,1.2331
ITC16,344,1.1104
ITC11,340,1.0975
ITC4B,338,1.0911
ITF45,328,1.0588
ITG16,326,1.0523
ITI21,302,0.9749
ITI1A,290,0.9361
ITH35,282,0.9103
ITF32,261,0.8425
ITF47,251,0.8102
ITI34,249,0.8038
ITG29,248,0.8005
ITF52,235,0.7586
ITF65,234,0.7554
ITF63,212,0.6843
ITG27,212,0.6843
ITC4A,211,0.6811
ITH10,205,0.6617
ITF14,204,0.6585
ITH20,199,0.6424
ITF22,188,0.6069
ITI32,184,0.594
ITF12,183,0.5907
ITH36,183,0.5907
ITG25,181,0.5843
ITH57,174,0.5617
ITI14,172,0.5552
ITH56,169,0.5455
ITI33,167,0.5391
ITC48,166,0.5358
ITF11,163,0.5262
ITI35,156,0.5036
ITI41,154,0.4971
ITH55,153,0.4939
ITF61,150,0.4842
ITH54,150,0.4842
ITC18,149,0.481
ITC4C,138,0.4455
ITI18,134,0.4326
ITH58,129,0.4164
ITH53,128,0.4132
ITF51,128,0.4132
ITI17,128,0.4132
ITI13,127,0.41
ITH51,126,0.4067
ITG26,126,0.4067
ITG2C,125,0.4035
ITI45,119,0.3841
ITH41,118,0.3809
ITI12,115,0.3712
ITG28,113,0.3648
ITF48,113,0.3648
ITH42,112,0.3615
ITI19,110,0.3551
ITC17,103,0.3325
ITF62,100,0.3228
ITC42,98,0.3163
ITC31,92,0.297
ITC49,92,0.297
ITF13,91,0.2937
ITC32,90,0.2905
ITI11,89,0.2873
ITC12,86,0.2776
ITC20,84,0.2712
ITF21,83,0.2679
ITC15,81,0.2615
ITI22,76,0.2453
ITF64,73,0.2356
ITC43,72,0.2324
ITC34,69,0.2227
ITH37,67,0.2163
ITI31,63,0.2034
ITG2B,62,0.2001
ITI16,58,0.1872
ITH52,56,0.1808
ITC4D,53,0.1711
ITF43,53,0.1711
ITH59,51,0.1646
ITC13,49,0.1582
ITC44,44,0.142
ITC41,40,0.1291
ITC14,37,0.1194
ITC33,36,0.1162
ITG2A,35,0.113
ITI42,28,0.0904
ITI15,25,0.0807
ITH33,25,0.0807
ITF44,25,0.0807
