nuts2,region_name,n_rows_metadata,n_row_groups,file_size_mb,required_columns_ok,missing_columns,n_rows,n_unique_id,n_id_missing,n_geometry_null,n_height_null,n_height_nonpositive,height_min,height_mean,height_max
ITC1,Piemonte,2380826,239,474.0996675491333,True,,2380826,2380826,0,0,0,1189,0.0,5.023897882499603,209.0
ITC2,Valle d'Aosta,69140,7,10.031586647033691,True,,69140,69140,0,0,0,84,0.0,6.05734307202777,27.0
ITC3,Liguria,574518,58,76.14656734466553,True,,574518,574518,0,0,0,287,0.0,6.389726518577311,200.0
ITC4,Lombardia,3572358,358,2173.302152633667,True,,3572358,3572358,0,0,0,2381,0.0,5.621479454186843,350.0
ITH1,Provincia Autonoma di Bolzano,177818,18,23.603134155273438,True,,177818,177818,0,0,0,205,0.0,8.178648393301016,72.0
ITH2,Provincia Autonoma di Trento,201906,21,30.027217864990234,True,,201906,201906,0,0,0,199,0.0,8.216466078274049,180.8
ITH3,Veneto,2623067,263,634.0843353271484,True,,2623067,2623067,0,0,0,1760,0.0,5.387060376269458,248.0
ITH4,Friuli-Venezia Giulia,632245,64,96.38290786743164,True,,632245,632245,0,0,0,230,0.0,4.991560708269737,142.0
ITH5,Emilia-Romagna,2158566,216,329.373854637146,True,,2158566,2158566,0,0,0,1136,0.0,6.864824286123287,217.0
ITI1,Toscana,1991740,200,257.4259548187256,True,,1991740,1991740,0,0,0,1248,0.0,5.793702390874311,336.0
ITI2,Umbria,366735,37,48.728623390197754,True,,366735,366735,0,0,0,378,0.0,5.054898768865803,70.0
ITI3,Marche,535453,54,69.38876819610596,True,,535453,535453,0,0,0,819,0.0,5.463325072415319,64.0
ITI4,Lazio,2462750,247,418.5048475265503,True,,2462750,2462750,0,0,0,1205,0.0,5.6422907319053905,206.5
ITF1,Abruzzo,559487,56,80.07783031463623,True,,559487,559487,0,0,0,641,0.0,5.944466269993762,75.0
ITF2,Molise,152139,16,20.258036613464355,True,,152139,152139,0,0,0,271,0.0,4.735319674771097,85.0
ITF3,Campania,1296058,130,189.08399772644043,True,,1296058,1296058,0,0,0,4076,0.0,4.884954299884727,123.0
ITF4,Puglia,1621456,163,349.77602100372314,True,,1621456,1621456,0,0,0,1164,0.0,5.723918194511599,122.0
ITF5,Basilicata,505865,51,81.89542198181152,True,,505865,505865,0,0,0,363,0.0,5.574832613444299,89.0
ITF6,Calabria,877882,88,129.99299335479736,True,,877882,877882,0,0,0,769,0.0,6.0905145566260614,100.0
ITG1,Sicilia,2118791,212,282.7325248718262,True,,2118791,2118791,0,0,0,11472,0.0,5.964816728030278,237.0
ITG2,Sardegna,698641,70,117.46545505523682,True,,698641,698641,0,0,0,1102,0.0,5.344677738638299,185.0
