geometry_source,n,pct
osm,5748853,22.4763
msft,3865518,15.113
gov-italy-lombardia,3293723,12.8775
gov-italy-veneto,2262009,8.8438
gov-italy-lazio,2261322,8.8411
gov-italy-piemonte,2144551,8.3845
gov-italy-emilia-romagna,1876353,7.336
gov-italy-toscana,1500379,5.866
gov-italy-calabria,742586,2.9033
gov-italy-basilicata,476107,1.8614
gov-italy-liguria,449072,1.7557
gov-italy-abruzzo,421472,1.6478
gov-italy-sardegna,334000,1.3058
gov-italy-trentino-alto-adige,151351,0.5917
gov-italy-valle-d-aosta,50145,0.1961
