nuts2,n_rows,n_geometry_null,n_geometry_empty,n_geometry_invalid,n_area_nonpositive,area_min_m2,area_mean_m2,area_max_m2
ITC1,2380826,0,0,0,0,9.56069251545344e-12,165.30100153070222,395229.8299593949
ITC2,69140,0,0,0,0,0.02353188391144041,189.64160232635322,107046.36297106788
ITC3,574518,0,0,0,0,0.0004004042826125931,139.66948999199406,108541.36471234927
ITC4,3572358,0,0,0,0,0.0008938812317585915,209.20605099173525,303792.66170513997
ITH1,177818,0,0,0,0,0.5233263519613611,238.3883243344699,55192.430202598225
ITH2,201906,0,0,0,0,0.030182223132760533,231.87585693532034,62162.295910442874
ITH3,2623067,0,0,0,0,0.0001002983130005857,186.05727367286244,104798.45037421826
ITH4,632245,0,0,0,0,0.14106464710848654,214.77750694670635,164212.98027905647
ITH5,2158566,0,0,0,0,0.20779362071564225,181.05720588840973,117168.32712512794
ITI1,1991740,0,0,0,0,0.023100666375939168,135.07936510473522,116498.48008664852
ITI2,366735,0,0,0,0,0.39648450916832206,226.12513286499882,127768.23623283456
ITI3,535453,0,0,0,0,0.44925241520283454,233.28769494358303,107982.80124157488
ITI4,2462750,0,0,0,0,5.901914829660861e-05,162.17774874560084,121071.95836695316
ITF1,559487,0,0,0,0,0.00013598147577165154,170.87584057139134,112468.53400879739
ITF2,152139,0,0,0,0,0.8924173657311605,195.7891280426285,75915.52673647723
ITF3,1296058,0,0,0,0,0.014425074410235293,303.9907241259082,176896.9902084727
ITF4,1621456,0,0,0,0,0.040335260865709065,188.0466557561599,172748.3825610884
ITF5,505865,0,0,0,0,0.04558831360264296,116.48911924748077,132385.18385780737
ITF6,877882,0,0,0,0,6.452009611163589e-05,185.47333289594152,56914.369727175814
ITG1,2118791,0,0,0,0,0.020980997180559048,188.30788633214073,383352.13110387826
ITG2,698641,0,0,0,0,0.001536578032533631,217.34610064071043,73364.54638470647
