adm1,n_rows,n_id_missing,n_country_not_ita,n_adm1_missing,n_coord_valid,n_coord_invalid,lon_min,lon_max,lat_min,lat_max,n_height_missing,n_height_negative,n_height_zero,n_height_positive_below_2_5,n_height_valid_ge_2_5,height_valid_pct,height_missing_pct,height_min_m,height_mean_m,height_std_m,height_max_m
Basilicata,304507,0,0,0,304507,0,15.3395,16.85673,39.91035,41.13551,28459,0,0,0,276048,90.65407363377525,9.34592636622475,2.5,4.015493718483742,3.171902834277406,28.17
Calabria,644673,0,0,0,644673,0,15.63086,17.20563,37.91636,40.13608,56244,0,0,0,588429,91.2755769203922,8.724423079607801,2.5,4.591333669822527,4.02003825880248,28.35
Trentino-Alto Adige,394080,0,0,0,394080,0,10.39715,12.46373,45.68624,47.08055,28172,0,0,0,365908,92.85119772634998,7.148802273650021,2.5,4.193704428435563,3.017706361429969,28.92
Sicily,2068451,0,0,0,2068451,0,11.9276,15.65208,35.49322,38.81733,146212,0,0,0,1922239,92.93132880595189,7.068671194048107,2.5,6.168042017667938,4.681904872907874,46.57
Molise,153013,0,0,0,153013,0,13.97542,15.14364,41.37401,42.06974,8805,0,0,0,144208,94.24558697626999,5.7544130237300095,2.5,3.589687604016421,2.741621437191194,25.0
Valle d'Aosta,78579,0,0,0,78579,0,6.81623,7.93878,45.47821,45.97827,4046,0,0,0,74533,94.85104162689777,5.148958373102229,2.5,3.450213730830639,2.4062492674731972,21.96
Sardegna,701884,0,0,0,701884,0,8.14643,9.82782,38.87773,41.30919,34677,0,0,0,667207,95.05944002142805,4.940559978571958,2.5,4.494960889199304,3.2508658080395803,36.9
Piemonte,1718877,0,0,0,1718877,0,6.6436,9.20788,44.07022,46.45346,67450,0,0,0,1651427,96.07592631700814,3.9240736829918603,2.5,4.934649391102361,3.84613698456808,54.1
XXX,219,0,0,219,219,0,8.60734,16.8554,39.93324,45.77547,8,0,0,0,211,96.34703196347031,3.65296803652968,2.5,4.729573459715641,3.1757596856652355,15.49
Abruzzo,533495,0,0,0,533495,0,13.02197,14.78081,41.69313,42.8953,19472,0,0,0,514023,96.35010637400538,3.64989362599462,2.5,3.9727996412611883,2.9531526852470447,30.36
Liguria,559040,0,0,0,559040,0,7.50203,10.06503,43.77665,44.67112,19312,0,0,0,539728,96.54550658271322,3.4544934172867774,2.5,5.8280749748021226,4.677337435358206,48.27
Umbria,368442,0,0,0,368442,0,11.90952,13.24515,42.36882,43.61805,11174,0,0,0,357268,96.96722957751831,3.0327704224816934,2.5,3.6471766572992825,2.6305806859931202,32.15
Toscana,1593464,0,0,0,1593464,0,9.71813,12.36899,42.23939,44.47209,45657,0,0,0,1547807,97.13473288383045,2.8652671161695524,2.5,4.390514385837511,2.9701548960863127,40.05
Lazio,1488440,0,0,0,1488440,0,11.45178,14.02104,40.786,42.8368,39236,0,0,0,1449204,97.36395151971192,2.636048480288087,2.5,4.714133275922507,3.5490746463322216,47.9
Campania,1305603,0,0,0,1305603,0,13.76534,15.79636,39.99147,41.50646,33986,0,0,0,1271617,97.39691161861607,2.6030883813839276,2.5,5.186287993947864,3.5248348000702654,29.58
Marche,549344,0,0,0,549344,0,12.09951,13.91155,42.69419,43.96907,13735,0,0,0,535609,97.4997451505796,2.5002548494203998,2.5,3.7429092490977562,2.5692345705077844,25.23
Friuli-Venezia Giulia,644972,0,0,0,644972,0,12.32861,13.90756,45.57796,46.63847,15254,0,0,0,629718,97.63493609024889,2.365063909751121,2.5,4.224410196310094,2.732354295861332,30.43
Apulia,1634396,0,0,0,1634396,0,14.94226,18.51999,39.79153,42.22555,36615,0,0,0,1597781,97.75972285786308,2.240277142136912,2.5,4.38792147985237,3.3730865593510897,48.06
Lombardia,2507234,0,0,0,2507234,0,8.50427,11.4224,44.68529,46.62451,54074,0,0,0,2453160,97.84328068301562,2.156719316984374,2.5,6.542771299059172,4.277680179775733,59.99
Emilia-Romagna,1529117,0,0,0,1529117,0,9.20155,12.75628,43.75314,45.13459,25563,0,0,0,1503554,98.3282508794291,1.6717491205708916,2.5,4.336302294430397,2.9671711865264174,30.43
Veneto,2572671,0,0,0,2572671,0,10.62654,13.0976,44.79862,46.67949,34324,0,0,0,2538347,98.66582240791769,1.3341775920823145,2.5,4.231605674874238,2.7108556732599594,37.57
