file,epsg_detected,crs_recognised_3035,crs_local_laea_3035,resolution_x_m,resolution_y_m,nodata,left,bottom,right,top
CLMS_UA_BBH_S2021_R10m_IT010L2_CATANIA_03035_V02_R03_20260226.tif,,False,True,10.0,10.0,65535.0,4761090.0,1602160.0,4779000.0,1632000.0
CLMS_UA_BBH_S2021_R10m_IT024L3_CATANZARO_03035_V02_R03_20260226.tif,,False,True,10.0,10.0,65535.0,4891070.0,1772790.0,4904170.0,1789020.0
CLMS_UA_BBH_S2021_R10m_IT073L1_SASSUOLO_03035_V02_R03_20260226.tif,,False,True,10.0,10.0,65535.0,4378470.0,2375720.0,4389710.0,2388610.0
CLMS_UA_BBH_S2021_R10m_IT520L1_GROSSETO_03035_V02_R03_20260226.tif,,False,True,10.0,10.0,65535.0,4396040.0,2171040.0,4421840.0,2202180.0
CLMS_UA_BBH_S2021_R10m_IT034L1_BOLZANO_03035_V02_R03_20260226.tif,,False,True,10.0,10.0,65535.0,4419060.0,2593350.0,4429910.0,2602460.0
CLMS_UA_BBH_S2021_R10m_IT003L3_NAPOLI_03035_V02_R03_20260226.tif,,False,True,10.0,10.0,65535.0,4660680.0,1962410.0,4720000.0,2001650.0
CLMS_UA_BBH_S2021_R10m_IT033L2_PIACENZA_03035_V02_R03_20260226.tif,,False,True,10.0,10.0,65535.0,4289840.0,2431250.0,4306360.0,2441820.0
CLMS_UA_BBH_S2021_R10m_IT526L1_L_AQUILA_03035_V02_R03_20260226.tif,,False,True,10.0,10.0,65535.0,4585370.0,2139270.0,4617340.0,2164570.0
CLMS_UA_BBH_S2021_R10m_IT506L2_RAVENNA_03035_V02_R03_20260226.tif,,False,True,10.0,10.0,65535.0,4482850.0,2347480.0,4508690.0,2392990.0
CLMS_UA_BBH_S2021_R10m_IT037L1_LECCE_03035_V02_R03_20260226.tif,,False,True,10.0,10.0,65535.0,5005750.0,1950090.0,5028200.0,1969630.0
CLMS_UA_BBH_S2021_R10m_IT515L2_TERNI_03035_V02_R03_20260226.tif,,False,True,10.0,10.0,65535.0,4530630.0,2159470.0,4550460.0,2177690.0
CLMS_UA_BBH_S2021_R10m_IT036L2_LA_SPEZIA_03035_V02_R03_20260226.tif,,False,True,10.0,10.0,65535.0,4302100.0,2328260.0,4312350.0,2337930.0
CLMS_UA_BBH_S2021_R10m_IT009L1_BOLOGNA_03035_V02_R03_20260226.tif,,False,True,10.0,10.0,65535.0,4418930.0,2368750.0,4435220.0,2383800.0
CLMS_UA_BBH_S2021_R10m_IT525L0_TRANI_03035_V02_R03_20260226.tif,,False,True,10.0,10.0,65535.0,4853010.0,2030000.0,4864580.0,2045260.0
CLMS_UA_BBH_S2021_R10m_IT518L1_ALESSANDRIA_03035_V02_R03_20260226.tif,,False,True,10.0,10.0,65535.0,4203030.0,2415460.0,4225000.0,2431870.0
CLMS_UA_BBH_S2021_R10m_IT006L3_GENOVA_03035_V02_R03_20260226.tif,,False,True,10.0,10.0,65535.0,4216540.0,2363000.0,4248590.0,2379420.0
CLMS_UA_BBH_S2021_R10m_IT032L3_SALERNO_03035_V02_R03_20260226.tif,,False,True,10.0,10.0,65535.0,4722850.0,1960750.0,4734810.0,1971000.0
CLMS_UA_BBH_S2021_R10m_IT007L3_FIRENZE_03035_V02_R05_20260226.tif,,False,True,10.0,10.0,65535.0,4413840.0,2291000.0,4429050.0,2303750.0
CLMS_UA_BBH_S2021_R10m_IT047L1_MASSA_03035_V02_R03_20260226.tif,,False,True,10.0,10.0,65535.0,4325830.0,2318990.0,4337980.0,2331450.0
CLMS_UA_BBH_S2021_R10m_IT039L2_PESARO_03035_V02_R03_20260226.tif,,False,True,10.0,10.0,65535.0,4544090.0,2300020.0,4559620.0,2321460.0
CLMS_UA_BBH_S2021_R10m_IT514L2_VICENZA_03035_V02_R03_20260226.tif,,False,True,10.0,10.0,65535.0,4437440.0,2487170.0,4447260.0,2500870.0
CLMS_UA_BBH_S2021_R10m_IT042L1_TREVISO_03035_V02_R03_20260226.tif,,False,True,10.0,10.0,65535.0,4490380.0,2502680.0,4499570.0,2513190.0
CLMS_UA_BBH_S2021_R10m_IT067L0_CERIGNOLA_03035_V02_R05_20260226.tif,,False,True,10.0,10.0,65535.0,4800630.0,2021720.0,4827470.0,2058280.0
CLMS_UA_BBH_S2021_R10m_IT035L2_UDINE_03035_V02_R03_20260226.tif,,False,True,10.0,10.0,65535.0,4567550.0,2548770.0,4575810.0,2561290.0
CLMS_UA_BBH_S2021_R10m_IT025L3_REGGIO_DI_CALABRIA_03035_V02_R03_20260226.tif,,False,True,10.0,10.0,65535.0,4817340.0,1675280.0,4835970.0,1699820.0
CLMS_UA_BBH_S2021_R10m_IT502L2_PRATO_03035_V02_R03_20260226.tif,,False,True,10.0,10.0,65535.0,4402690.0,2301390.0,4416000.0,2316090.0
CLMS_UA_BBH_S2021_R10m_IT513L3_LATINA_03035_V02_R03_20260226.tif,,False,True,10.0,10.0,65535.0,4548940.0,2036110.0,4574710.0,2055740.0
CLMS_UA_BBH_S2021_R10m_IT041L2_PISA_03035_V02_R03_20260226.tif,,False,True,10.0,10.0,65535.0,4342790.0,2275070.0,4365590.0,2292350.0
CLMS_UA_BBH_S2021_R10m_IT001L3_ROMA_03035_V02_R03_20260226.tif,,False,True,10.0,10.0,65535.0,4507280.0,2041870.0,4558900.0,2118130.0
CLMS_UA_BBH_S2021_R10m_IT511L2_BERGAMO_03035_V02_R03_20260226.tif,,False,True,10.0,10.0,65535.0,4286000.0,2504790.0,4304000.0,2516000.0
CLMS_UA_BBH_S2021_R10m_IT048L2_COSENZA_03035_V02_R03_20260226.tif,,False,True,10.0,10.0,65535.0,4859000.0,1816060.0,4868460.0,1830000.0
CLMS_UA_BBH_S2021_R10m_IT065L0_BISCEGLIE_03035_V02_R03_20260226.tif,,False,True,10.0,10.0,65535.0,4861940.0,2029660.0,4871070.0,2040700.0
CLMS_UA_BBH_S2021_R10m_IT522L1_TRAPANI_03035_V02_R03_20260226.tif,,False,True,10.0,10.0,65535.0,4540550.0,1645010.0,4568080.0,1666590.0
CLMS_UA_BBH_S2021_R10m_IT013L3_CREMONA_03035_V02_R03_20260226.tif,,False,True,10.0,10.0,65535.0,4316500.0,2442070.0,4329640.0,2452410.0
CLMS_UA_BBH_S2021_R10m_IT056L1_ACIREALE_03035_V02_R03_20260226.tif,,False,True,10.0,10.0,65535.0,4775450.0,1626430.0,4782920.0,1638310.0
CLMS_UA_BBH_S2021_R10m_IT501L2_MESSINA_03035_V02_R03_20260226.tif,,False,True,10.0,10.0,65535.0,4800500.0,1681140.0,4818640.0,1708720.0
CLMS_UA_BBH_S2021_R10m_IT019L2_PESCARA_03035_V02_R03_20260226.tif,,False,True,10.0,10.0,65535.0,4660000.0,2155000.0,4677000.0,2167000.0
CLMS_UA_BBH_S2021_R10m_IT508L3_RIMINI_03035_V02_R03_20260226.tif,,False,True,10.0,10.0,65535.0,4516920.0,2320980.0,4532470.0,2337290.0
CLMS_UA_BBH_S2021_R10m_IT030L3_MODENA_03035_V02_R03_20260226.tif,,False,True,10.0,10.0,65535.0,4383180.0,2384020.0,4401240.0,2403710.0
CLMS_UA_BBH_S2021_R10m_IT022L2_TARANTO_03035_V02_R03_20260226.tif,,False,True,10.0,10.0,65535.0,4926320.0,1945850.0,4955600.0,1974700.0
CLMS_UA_BBH_S2021_R10m_IT519L1_AREZZO_03035_V02_R03_20260226.tif,,False,True,10.0,10.0,65535.0,4462480.0,2248600.0,4489370.0,2273840.0
CLMS_UA_BBH_S2021_R10m_IT069L1_GELA_03035_V02_R03_20260226.tif,,False,True,10.0,10.0,65535.0,4689600.0,1558910.0,4718480.0,1577580.0
CLMS_UA_BBH_S2021_R10m_IT026L3_SASSARI_03035_V02_R03_20260226.tif,,False,True,10.0,10.0,65535.0,4163630.0,1953040.0,4205800.0,1976110.0
CLMS_UA_BBH_S2021_R10m_IT066L1_CARPI_03035_V02_R03_20260226.tif,,False,True,10.0,10.0,65535.0,4385590.0,2400970.0,4400420.0,2420340.0
CLMS_UA_BBH_S2021_R10m_IT516L2_NOVARA_03035_V02_R05_20260226.tif,,False,True,10.0,10.0,65535.0,4205760.0,2475530.0,4218800.0,2489060.0
CLMS_UA_BBH_S2021_R10m_IT021L2_CASERTA_03035_V02_R03_20260226.tif,,False,True,10.0,10.0,65535.0,4677000.0,2002000.0,4694900.0,2013810.0
CLMS_UA_BBH_S2021_R10m_IT020L3_CAMPOBASSO_03035_V02_R03_20260226.tif,,False,True,10.0,10.0,65535.0,4706110.0,2059340.0,4716240.0,2068910.0
CLMS_UA_BBH_S2021_R10m_IT046L2_PAVIA_03035_V02_R03_20260226.tif,,False,True,10.0,10.0,65535.0,4249810.0,2449870.0,4260900.0,2458210.0
CLMS_UA_BBH_S2021_R10m_IT029L3_BRESCIA_03035_V02_R03_20260226.tif,,False,True,10.0,10.0,65535.0,4332540.0,2485520.0,4344470.0,2500940.0
CLMS_UA_BBH_S2021_R10m_IT031L3_FOGGIA_03035_V02_R03_20260226.tif,,False,True,10.0,10.0,65535.0,4776910.0,2042530.0,4805800.0,2073540.0
CLMS_UA_BBH_S2021_R10m_IT017L3_ANCONA_03035_V02_R03_20260226.tif,,False,True,10.0,10.0,65535.0,4594160.0,2273590.0,4613090.0,2286890.0
CLMS_UA_BBH_S2021_R10m_IT002L3_MILANO_03035_V02_R03_20260226.tif,,False,True,10.0,10.0,65535.0,4221350.0,2471450.0,4276770.0,2514240.0
CLMS_UA_BBH_S2021_R10m_IT503L3_PARMA_03035_V02_R03_20260226.tif,,False,True,10.0,10.0,65535.0,4338180.0,2394910.0,4355830.0,2421080.0
CLMS_UA_BBH_S2021_R10m_IT043L2_VARESE_03035_V02_R03_20260226.tif,,False,True,10.0,10.0,65535.0,4223860.0,2519110.0,4233040.0,2530460.0
CLMS_UA_BBH_S2021_R10m_IT012L3_VERONA_03035_V02_R03_20260226.tif,,False,True,10.0,10.0,65535.0,4389680.0,2471310.0,4408480.0,2492330.0
CLMS_UA_BBH_S2021_R10m_IT064L1_BATTIPAGLIA_03035_V02_R03_20260226.tif,,False,True,10.0,10.0,65535.0,4736080.0,1952570.0,4747720.0,1963450.0
CLMS_UA_BBH_S2021_R10m_IT052L1_SAVONA_03035_V02_R03_20260226.tif,,False,True,10.0,10.0,65535.0,4188620.0,2352000.0,4203000.0,2365360.0
CLMS_UA_BBH_S2021_R10m_IT015L1_TRIESTE_03035_V02_R03_20260226.tif,,False,True,10.0,10.0,65535.0,4606740.0,2506960.0,4624170.0,2521900.0
CLMS_UA_BBH_S2021_R10m_IT061L0_ALTAMURA_03035_V02_R03_20260226.tif,,False,True,10.0,10.0,65535.0,4858510.0,1982630.0,4887480.0,2008610.0
CLMS_UA_BBH_S2021_R10m_IT005L3_PALERMO_03035_V02_R03_20260226.tif,,False,True,10.0,10.0,65535.0,4607710.0,1668720.0,4633930.0,1688390.0
CLMS_UA_BBH_S2021_R10m_IT504L3_LIVORNO_03035_V02_R03_20260226.tif,,False,True,10.0,10.0,65535.0,4312240.0,2257100.0,4354780.0,2276300.0
CLMS_UA_BBH_S2021_R10m_IT027L2_CAGLIARI_03035_V02_R03_20260226.tif,,False,True,10.0,10.0,65535.0,4235440.0,1786070.0,4253000.0,1799180.0
CLMS_UA_BBH_S2021_R10m_IT524L0_ANDRIA_03035_V02_R03_20260226.tif,,False,True,10.0,10.0,65535.0,4833890.0,2012590.0,4856250.0,2040410.0
CLMS_UA_BBH_S2021_R10m_IT016L3_PERUGIA_03035_V02_R03_20260226.tif,,False,True,10.0,10.0,65535.0,4499090.0,2212610.0,4530210.0,2244960.0
CLMS_UA_BBH_S2021_R10m_IT058L2_PORDENONE_03035_V02_R03_20260226.tif,,False,True,10.0,10.0,65535.0,4523000.0,2536030.0,4532000.0,2547000.0
CLMS_UA_BBH_S2021_R10m_IT028L3_PADOVA_03035_V02_R03_20260226.tif,,False,True,10.0,10.0,65535.0,4461000.0,2471740.0,4475920.0,2486000.0
CLMS_UA_BBH_S2021_R10m_IT011L2_VENEZIA_03035_V02_R03_20260226.tif,,False,True,10.0,10.0,65535.0,4488000.0,2460840.0,4520320.0,2499540.0
CLMS_UA_BBH_S2021_R10m_IT509L3_SIRACUSA_03035_V02_R03_20260226.tif,,False,True,10.0,10.0,65535.0,4777300.0,1557970.0,4799490.0,1576620.0
CLMS_UA_BBH_S2021_R10m_IT045L2_ASTI_03035_V02_R03_20260226.tif,,False,True,10.0,10.0,65535.0,4169940.0,2416170.0,4187850.0,2433000.0
CLMS_UA_BBH_S2021_R10m_IT505L3_REGGIO_NELL_EMILIA_03035_V02_R03_20260226.tif,,False,True,10.0,10.0,65535.0,4360030.0,2390620.0,4382480.0,2407140.0
CLMS_UA_BBH_S2021_R10m_IT521L1_BRINDISI_03035_V02_R03_20260226.tif,,False,True,10.0,10.0,65535.0,4977150.0,1966850.0,5003980.0,1990360.0
CLMS_UA_BBH_S2021_R10m_IT054L1_MATERA_03035_V02_R03_20260226.tif,,False,True,10.0,10.0,65535.0,4865470.0,1966220.0,4891660.0,1986740.0
CLMS_UA_BBH_S2021_R10m_IT507L2_FERRARA_03035_V02_R03_20260226.tif,,False,True,10.0,10.0,65535.0,4436770.0,2397450.0,4469770.0,2425980.0
CLMS_UA_BBH_S2021_R10m_IT523L1_RAGUSA_03035_V02_R03_20260226.tif,,False,True,10.0,10.0,65535.0,4720520.0,1535510.0,4758320.0,1565210.0
CLMS_UA_BBH_S2021_R10m_IT023L2_POTENZA_03035_V02_R03_20260226.tif,,False,True,10.0,10.0,65535.0,4805600.0,1963210.0,4821550.0,1978930.0
CLMS_UA_BBH_S2021_R10m_IT040L2_COMO_03035_V02_R03_20260226.tif,,False,True,10.0,10.0,65535.0,4243000.0,2516740.0,4254000.0,2527000.0
CLMS_UA_BBH_S2021_R10m_IT014L3_TRENTO_03035_V02_R03_20260226.tif,,False,True,10.0,10.0,65535.0,4400550.0,2541660.0,4413360.0,2560100.0
CLMS_UA_BBH_S2021_R10m_IT008L3_BARI_03035_V02_R03_20260226.tif,,False,True,10.0,10.0,65535.0,4867510.0,2007340.0,4913630.0,2038150.0
CLMS_UA_BBH_S2021_R10m_IT038L1_BARLETTA_03035_V02_R03_20260226.tif,,False,True,10.0,10.0,65535.0,4831580.0,2035620.0,4854690.0,2050120.0
CLMS_UA_BBH_S2021_R10m_IT057L2_AVELLINO_03035_V02_R03_20260226.tif,,False,True,10.0,10.0,65535.0,4722610.0,1988490.0,4730000.0,1995960.0
CLMS_UA_BBH_S2021_R10m_IT060L1_LECCO_03035_V02_R03_20260226.tif,,False,True,10.0,10.0,65535.0,4270000.0,2522640.0,4280020.0,2532760.0
CLMS_UA_BBH_S2021_R10m_CH009L2_LUGANO_03035_V02_R03_20260226.tif,,False,True,10.0,10.0,65535.0,4235590.0,2537130.0,4248680.0,2555930.0
CLMS_UA_BBH_S2021_R10m_IT512L3_FORLI_03035_V02_R03_20260226.tif,,False,True,10.0,10.0,65535.0,4475120.0,2337390.0,4497930.0,2359960.0
CLMS_UA_BBH_S2021_R10m_IT004L2_TORINO_03035_V02_R03_20260226.tif,,False,True,10.0,10.0,65535.0,4124000.0,2432000.0,4146000.0,2450460.0
