product_id,name,content_start,content_end,content_length_bytes,content_length_mb,s3_path,geometry_unknown
fdcf6310-da31-4277-a0ae-4cfb0dfa45e8,CLMS_UA_BBH_S2021_R10m_CH009L2_LUGANO_03035_V02_R03_20260226,2021-01-01T00:00:00.000000Z,2021-12-31T23:59:59.999999Z,299318,0.28545188903808594,/eodata/CLMS/land_cover_use_in_priority_areas/urban_atlas/clms_ua_building-height_europe_10m_3yearly_v1/2021/01/01/CLMS_UA_BBH_S2021_R10m_CH009L2_LUGANO_03035_V02_R03_20260226,False
4ed14e0a-f61e-46a5-864a-63646860cdbf,CLMS_UA_BBH_S2021_R10m_IT001L3_ROMA_03035_V02_R03_20260226,2021-01-01T00:00:00.000000Z,2021-12-31T23:59:59.999999Z,3850097,3.671738624572754,/eodata/CLMS/land_cover_use_in_priority_areas/urban_atlas/clms_ua_building-height_europe_10m_3yearly_v1/2021/01/01/CLMS_UA_BBH_S2021_R10m_IT001L3_ROMA_03035_V02_R03_20260226,False
9627be70-47ee-47d4-9268-d6741887e674,CLMS_UA_BBH_S2021_R10m_IT002L3_MILANO_03035_V02_R03_20260226,2021-01-01T00:00:00.000000Z,2021-12-31T23:59:59.999999Z,5082607,4.847151756286621,/eodata/CLMS/land_cover_use_in_priority_areas/urban_atlas/clms_ua_building-height_europe_10m_3yearly_v1/2021/01/01/CLMS_UA_BBH_S2021_R10m_IT002L3_MILANO_03035_V02_R03_20260226,False
0cd9a015-1d75-42a7-a444-2b2f03dab735,CLMS_UA_BBH_S2021_R10m_IT003L3_NAPOLI_03035_V02_R03_20260226,2021-01-01T00:00:00.000000Z,2021-12-31T23:59:59.999999Z,3483684,3.3222999572753906,/eodata/CLMS/land_cover_use_in_priority_areas/urban_atlas/clms_ua_building-height_europe_10m_3yearly_v1/2021/01/01/CLMS_UA_BBH_S2021_R10m_IT003L3_NAPOLI_03035_V02_R03_20260226,False
fe9604fe-9f93-480f-80a8-3df8c8fdb9ee,CLMS_UA_BBH_S2021_R10m_IT004L2_TORINO_03035_V02_R03_20260226,2021-01-01T00:00:00.000000Z,2021-12-31T23:59:59.999999Z,1234080,1.176910400390625,/eodata/CLMS/land_cover_use_in_priority_areas/urban_atlas/clms_ua_building-height_europe_10m_3yearly_v1/2021/01/01/CLMS_UA_BBH_S2021_R10m_IT004L2_TORINO_03035_V02_R03_20260226,False
aaba2d64-e4d5-400a-9abe-759456898629,CLMS_UA_BBH_S2021_R10m_IT005L3_PALERMO_03035_V02_R03_20260226,2021-01-01T00:00:00.000000Z,2021-12-31T23:59:59.999999Z,930166,0.8870754241943359,/eodata/CLMS/land_cover_use_in_priority_areas/urban_atlas/clms_ua_building-height_europe_10m_3yearly_v1/2021/01/01/CLMS_UA_BBH_S2021_R10m_IT005L3_PALERMO_03035_V02_R03_20260226,False
255f7a7b-6ee6-4f00-9726-36589318f1b7,CLMS_UA_BBH_S2021_R10m_IT006L3_GENOVA_03035_V02_R03_20260226,2021-01-01T00:00:00.000000Z,2021-12-31T23:59:59.999999Z,688168,0.6562881469726562,/eodata/CLMS/land_cover_use_in_priority_areas/urban_atlas/clms_ua_building-height_europe_10m_3yearly_v1/2021/01/01/CLMS_UA_BBH_S2021_R10m_IT006L3_GENOVA_03035_V02_R03_20260226,False
2ad53c0d-9943-493f-89ea-7551a8464aa1,CLMS_UA_BBH_S2021_R10m_IT007L3_FIRENZE_03035_V02_R05_20260226,2021-01-01T00:00:00.000000Z,2021-12-31T23:59:59.999999Z,602748,0.5748252868652344,/eodata/CLMS/land_cover_use_in_priority_areas/urban_atlas/clms_ua_building-height_europe_10m_3yearly_v1/2021/01/01/CLMS_UA_BBH_S2021_R10m_IT007L3_FIRENZE_03035_V02_R05_20260226,False
ece2afc3-07cc-4481-b281-bffa7f407d89,CLMS_UA_BBH_S2021_R10m_IT008L3_BARI_03035_V02_R03_20260226,2021-01-01T00:00:00.000000Z,2021-12-31T23:59:59.999999Z,790120,0.7535171508789062,/eodata/CLMS/land_cover_use_in_priority_areas/urban_atlas/clms_ua_building-height_europe_10m_3yearly_v1/2021/01/01/CLMS_UA_BBH_S2021_R10m_IT008L3_BARI_03035_V02_R03_20260226,False
21019e28-9621-4e6b-9ff6-e3d5e20908d9,CLMS_UA_BBH_S2021_R10m_IT009L1_BOLOGNA_03035_V02_R03_20260226,2021-01-01T00:00:00.000000Z,2021-12-31T23:59:59.999999Z,637332,0.6078071594238281,/eodata/CLMS/land_cover_use_in_priority_areas/urban_atlas/clms_ua_building-height_europe_10m_3yearly_v1/2021/01/01/CLMS_UA_BBH_S2021_R10m_IT009L1_BOLOGNA_03035_V02_R03_20260226,False
03993896-f5ad-43c6-870b-a8f67bb5177a,CLMS_UA_BBH_S2021_R10m_IT010L2_CATANIA_03035_V02_R03_20260226,2021-01-01T00:00:00.000000Z,2021-12-31T23:59:59.999999Z,828945,0.7905435562133789,/eodata/CLMS/land_cover_use_in_priority_areas/urban_atlas/clms_ua_building-height_europe_10m_3yearly_v1/2021/01/01/CLMS_UA_BBH_S2021_R10m_IT010L2_CATANIA_03035_V02_R03_20260226,False
c2f9f827-7247-4425-bea9-c6c9bcf00f48,CLMS_UA_BBH_S2021_R10m_IT011L2_VENEZIA_03035_V02_R03_20260226,2021-01-01T00:00:00.000000Z,2021-12-31T23:59:59.999999Z,794449,0.7576456069946289,/eodata/CLMS/land_cover_use_in_priority_areas/urban_atlas/clms_ua_building-height_europe_10m_3yearly_v1/2021/01/01/CLMS_UA_BBH_S2021_R10m_IT011L2_VENEZIA_03035_V02_R03_20260226,False
a1a20bc6-95e6-4131-b8cf-b63ce9b6e51b,CLMS_UA_BBH_S2021_R10m_IT012L3_VERONA_03035_V02_R03_20260226,2021-01-01T00:00:00.000000Z,2021-12-31T23:59:59.999999Z,567485,0.5411958694458008,/eodata/CLMS/land_cover_use_in_priority_areas/urban_atlas/clms_ua_building-height_europe_10m_3yearly_v1/2021/01/01/CLMS_UA_BBH_S2021_R10m_IT012L3_VERONA_03035_V02_R03_20260226,False
6420e4ef-e20b-494e-bd78-fe3cc87360d0,CLMS_UA_BBH_S2021_R10m_IT013L3_CREMONA_03035_V02_R03_20260226,2021-01-01T00:00:00.000000Z,2021-12-31T23:59:59.999999Z,271918,0.2593212127685547,/eodata/CLMS/land_cover_use_in_priority_areas/urban_atlas/clms_ua_building-height_europe_10m_3yearly_v1/2021/01/01/CLMS_UA_BBH_S2021_R10m_IT013L3_CREMONA_03035_V02_R03_20260226,False
ec84ee5a-65c2-4434-afc7-4ceec990fdb6,CLMS_UA_BBH_S2021_R10m_IT014L3_TRENTO_03035_V02_R03_20260226,2021-01-01T00:00:00.000000Z,2021-12-31T23:59:59.999999Z,349813,0.33360767364501953,/eodata/CLMS/land_cover_use_in_priority_areas/urban_atlas/clms_ua_building-height_europe_10m_3yearly_v1/2021/01/01/CLMS_UA_BBH_S2021_R10m_IT014L3_TRENTO_03035_V02_R03_20260226,False
a88a4a4b-e59d-442a-a42c-c45244b934d4,CLMS_UA_BBH_S2021_R10m_IT015L1_TRIESTE_03035_V02_R03_20260226,2021-01-01T00:00:00.000000Z,2021-12-31T23:59:59.999999Z,372473,0.35521793365478516,/eodata/CLMS/land_cover_use_in_priority_areas/urban_atlas/clms_ua_building-height_europe_10m_3yearly_v1/2021/01/01/CLMS_UA_BBH_S2021_R10m_IT015L1_TRIESTE_03035_V02_R03_20260226,False
b7561fb7-9873-4402-be10-d499b7ed25f0,CLMS_UA_BBH_S2021_R10m_IT016L3_PERUGIA_03035_V02_R03_20260226,2021-01-01T00:00:00.000000Z,2021-12-31T23:59:59.999999Z,646036,0.6161079406738281,/eodata/CLMS/land_cover_use_in_priority_areas/urban_atlas/clms_ua_building-height_europe_10m_3yearly_v1/2021/01/01/CLMS_UA_BBH_S2021_R10m_IT016L3_PERUGIA_03035_V02_R03_20260226,False
8ef25335-de5b-4841-8299-6809fa5508bd,CLMS_UA_BBH_S2021_R10m_IT017L3_ANCONA_03035_V02_R03_20260226,2021-01-01T00:00:00.000000Z,2021-12-31T23:59:59.999999Z,328795,0.31356334686279297,/eodata/CLMS/land_cover_use_in_priority_areas/urban_atlas/clms_ua_building-height_europe_10m_3yearly_v1/2021/01/01/CLMS_UA_BBH_S2021_R10m_IT017L3_ANCONA_03035_V02_R03_20260226,False
7094dcb1-d55e-47e8-9078-25389487bee4,CLMS_UA_BBH_S2021_R10m_IT019L2_PESCARA_03035_V02_R03_20260226,2021-01-01T00:00:00.000000Z,2021-12-31T23:59:59.999999Z,426334,0.4065837860107422,/eodata/CLMS/land_cover_use_in_priority_areas/urban_atlas/clms_ua_building-height_europe_10m_3yearly_v1/2021/01/01/CLMS_UA_BBH_S2021_R10m_IT019L2_PESCARA_03035_V02_R03_20260226,False
8ba0bd59-034f-4063-a923-b44589e698c7,CLMS_UA_BBH_S2021_R10m_IT020L3_CAMPOBASSO_03035_V02_R03_20260226,2021-01-01T00:00:00.000000Z,2021-12-31T23:59:59.999999Z,226495,0.2160024642944336,/eodata/CLMS/land_cover_use_in_priority_areas/urban_atlas/clms_ua_building-height_europe_10m_3yearly_v1/2021/01/01/CLMS_UA_BBH_S2021_R10m_IT020L3_CAMPOBASSO_03035_V02_R03_20260226,False
8b5a0f5c-4fcc-4bb6-8c55-6ef9665c945c,CLMS_UA_BBH_S2021_R10m_IT021L2_CASERTA_03035_V02_R03_20260226,2021-01-01T00:00:00.000000Z,2021-12-31T23:59:59.999999Z,446984,0.42627716064453125,/eodata/CLMS/land_cover_use_in_priority_areas/urban_atlas/clms_ua_building-height_europe_10m_3yearly_v1/2021/01/01/CLMS_UA_BBH_S2021_R10m_IT021L2_CASERTA_03035_V02_R03_20260226,False
79a583d7-e2f2-4200-94c1-a5d6da8e6219,CLMS_UA_BBH_S2021_R10m_IT022L2_TARANTO_03035_V02_R03_20260226,2021-01-01T00:00:00.000000Z,2021-12-31T23:59:59.999999Z,522854,0.49863243103027344,/eodata/CLMS/land_cover_use_in_priority_areas/urban_atlas/clms_ua_building-height_europe_10m_3yearly_v1/2021/01/01/CLMS_UA_BBH_S2021_R10m_IT022L2_TARANTO_03035_V02_R03_20260226,False
dbfb8e54-9511-48a3-952c-e21acf212718,CLMS_UA_BBH_S2021_R10m_IT023L2_POTENZA_03035_V02_R03_20260226,2021-01-01T00:00:00.000000Z,2021-12-31T23:59:59.999999Z,308612,0.2943153381347656,/eodata/CLMS/land_cover_use_in_priority_areas/urban_atlas/clms_ua_building-height_europe_10m_3yearly_v1/2021/01/01/CLMS_UA_BBH_S2021_R10m_IT023L2_POTENZA_03035_V02_R03_20260226,False
05d0454e-9b15-42fa-ac6e-b30496dc695a,CLMS_UA_BBH_S2021_R10m_IT024L3_CATANZARO_03035_V02_R03_20260226,2021-01-01T00:00:00.000000Z,2021-12-31T23:59:59.999999Z,320935,0.30606746673583984,/eodata/CLMS/land_cover_use_in_priority_areas/urban_atlas/clms_ua_building-height_europe_10m_3yearly_v1/2021/01/01/CLMS_UA_BBH_S2021_R10m_IT024L3_CATANZARO_03035_V02_R03_20260226,False
467af23e-ac53-45ce-b0c8-e0fd8b92bc09,CLMS_UA_BBH_S2021_R10m_IT025L3_REGGIO_DI_CALABRIA_03035_V02_R03_20260226,2021-01-01T00:00:00.000000Z,2021-12-31T23:59:59.999999Z,463624,0.44214630126953125,/eodata/CLMS/land_cover_use_in_priority_areas/urban_atlas/clms_ua_building-height_europe_10m_3yearly_v1/2021/01/01/CLMS_UA_BBH_S2021_R10m_IT025L3_REGGIO_DI_CALABRIA_03035_V02_R03_20260226,False
7e096d93-62ee-481c-b605-df3035f9d8ee,CLMS_UA_BBH_S2021_R10m_IT026L3_SASSARI_03035_V02_R03_20260226,2021-01-01T00:00:00.000000Z,2021-12-31T23:59:59.999999Z,550227,0.5247373580932617,/eodata/CLMS/land_cover_use_in_priority_areas/urban_atlas/clms_ua_building-height_europe_10m_3yearly_v1/2021/01/01/CLMS_UA_BBH_S2021_R10m_IT026L3_SASSARI_03035_V02_R03_20260226,False
af24bd2d-ad3c-4eaf-b92b-521b04d01b6e,CLMS_UA_BBH_S2021_R10m_IT027L2_CAGLIARI_03035_V02_R03_20260226,2021-01-01T00:00:00.000000Z,2021-12-31T23:59:59.999999Z,407325,0.3884553909301758,/eodata/CLMS/land_cover_use_in_priority_areas/urban_atlas/clms_ua_building-height_europe_10m_3yearly_v1/2021/01/01/CLMS_UA_BBH_S2021_R10m_IT027L2_CAGLIARI_03035_V02_R03_20260226,False
c2cff5c1-6233-48e4-8dfa-f214c5a2c913,CLMS_UA_BBH_S2021_R10m_IT028L3_PADOVA_03035_V02_R03_20260226,2021-01-01T00:00:00.000000Z,2021-12-31T23:59:59.999999Z,568152,0.5418319702148438,/eodata/CLMS/land_cover_use_in_priority_areas/urban_atlas/clms_ua_building-height_europe_10m_3yearly_v1/2021/01/01/CLMS_UA_BBH_S2021_R10m_IT028L3_PADOVA_03035_V02_R03_20260226,False
8d8930c6-d029-4ea6-82a5-09093b044e31,CLMS_UA_BBH_S2021_R10m_IT029L3_BRESCIA_03035_V02_R03_20260226,2021-01-01T00:00:00.000000Z,2021-12-31T23:59:59.999999Z,528566,0.5040798187255859,/eodata/CLMS/land_cover_use_in_priority_areas/urban_atlas/clms_ua_building-height_europe_10m_3yearly_v1/2021/01/01/CLMS_UA_BBH_S2021_R10m_IT029L3_BRESCIA_03035_V02_R03_20260226,False
781f6331-e293-4d53-a054-6999087d87a1,CLMS_UA_BBH_S2021_R10m_IT030L3_MODENA_03035_V02_R03_20260226,2021-01-01T00:00:00.000000Z,2021-12-31T23:59:59.999999Z,458343,0.43710994720458984,/eodata/CLMS/land_cover_use_in_priority_areas/urban_atlas/clms_ua_building-height_europe_10m_3yearly_v1/2021/01/01/CLMS_UA_BBH_S2021_R10m_IT030L3_MODENA_03035_V02_R03_20260226,False
8eb248d5-985b-4056-82ff-bc241cf4a1ad,CLMS_UA_BBH_S2021_R10m_IT031L3_FOGGIA_03035_V02_R03_20260226,2021-01-01T00:00:00.000000Z,2021-12-31T23:59:59.999999Z,484706,0.4622516632080078,/eodata/CLMS/land_cover_use_in_priority_areas/urban_atlas/clms_ua_building-height_europe_10m_3yearly_v1/2021/01/01/CLMS_UA_BBH_S2021_R10m_IT031L3_FOGGIA_03035_V02_R03_20260226,False
26f2c141-12f5-4431-a981-74396d23dd84,CLMS_UA_BBH_S2021_R10m_IT032L3_SALERNO_03035_V02_R03_20260226,2021-01-01T00:00:00.000000Z,2021-12-31T23:59:59.999999Z,292884,0.2793159484863281,/eodata/CLMS/land_cover_use_in_priority_areas/urban_atlas/clms_ua_building-height_europe_10m_3yearly_v1/2021/01/01/CLMS_UA_BBH_S2021_R10m_IT032L3_SALERNO_03035_V02_R03_20260226,False
104dc0b9-046a-49b8-b258-24b55281b9d4,CLMS_UA_BBH_S2021_R10m_IT033L2_PIACENZA_03035_V02_R03_20260226,2021-01-01T00:00:00.000000Z,2021-12-31T23:59:59.999999Z,328742,0.31351280212402344,/eodata/CLMS/land_cover_use_in_priority_areas/urban_atlas/clms_ua_building-height_europe_10m_3yearly_v1/2021/01/01/CLMS_UA_BBH_S2021_R10m_IT033L2_PIACENZA_03035_V02_R03_20260226,False
0a6978b4-03b2-46b2-93e6-92f24345905b,CLMS_UA_BBH_S2021_R10m_IT034L1_BOLZANO_03035_V02_R03_20260226,2021-01-01T00:00:00.000000Z,2021-12-31T23:59:59.999999Z,236991,0.2260122299194336,/eodata/CLMS/land_cover_use_in_priority_areas/urban_atlas/clms_ua_building-height_europe_10m_3yearly_v1/2021/01/01/CLMS_UA_BBH_S2021_R10m_IT034L1_BOLZANO_03035_V02_R03_20260226,False
4367d3f5-6c42-4932-99a1-2ce4ccc2bd3c,CLMS_UA_BBH_S2021_R10m_IT035L2_UDINE_03035_V02_R03_20260226,2021-01-01T00:00:00.000000Z,2021-12-31T23:59:59.999999Z,313247,0.2987356185913086,/eodata/CLMS/land_cover_use_in_priority_areas/urban_atlas/clms_ua_building-height_europe_10m_3yearly_v1/2021/01/01/CLMS_UA_BBH_S2021_R10m_IT035L2_UDINE_03035_V02_R03_20260226,False
1a64c856-d8e7-4c2c-8084-35a9a2f2a5f7,CLMS_UA_BBH_S2021_R10m_IT036L2_LA_SPEZIA_03035_V02_R03_20260226,2021-01-01T00:00:00.000000Z,2021-12-31T23:59:59.999999Z,267026,0.2546558380126953,/eodata/CLMS/land_cover_use_in_priority_areas/urban_atlas/clms_ua_building-height_europe_10m_3yearly_v1/2021/01/01/CLMS_UA_BBH_S2021_R10m_IT036L2_LA_SPEZIA_03035_V02_R03_20260226,False
18fddbf5-6985-4067-9a48-e338c4c4778f,CLMS_UA_BBH_S2021_R10m_IT037L1_LECCE_03035_V02_R03_20260226,2021-01-01T00:00:00.000000Z,2021-12-31T23:59:59.999999Z,396328,0.37796783447265625,/eodata/CLMS/land_cover_use_in_priority_areas/urban_atlas/clms_ua_building-height_europe_10m_3yearly_v1/2021/01/01/CLMS_UA_BBH_S2021_R10m_IT037L1_LECCE_03035_V02_R03_20260226,False
ee0bb333-765f-467a-a71d-5910b4599998,CLMS_UA_BBH_S2021_R10m_IT038L1_BARLETTA_03035_V02_R03_20260226,2021-01-01T00:00:00.000000Z,2021-12-31T23:59:59.999999Z,241921,0.2307138442993164,/eodata/CLMS/land_cover_use_in_priority_areas/urban_atlas/clms_ua_building-height_europe_10m_3yearly_v1/2021/01/01/CLMS_UA_BBH_S2021_R10m_IT038L1_BARLETTA_03035_V02_R03_20260226,False
37aa87d1-3166-4dec-b4a0-adc775ff94c9,CLMS_UA_BBH_S2021_R10m_IT039L2_PESARO_03035_V02_R03_20260226,2021-01-01T00:00:00.000000Z,2021-12-31T23:59:59.999999Z,351232,0.3349609375,/eodata/CLMS/land_cover_use_in_priority_areas/urban_atlas/clms_ua_building-height_europe_10m_3yearly_v1/2021/01/01/CLMS_UA_BBH_S2021_R10m_IT039L2_PESARO_03035_V02_R03_20260226,False
e161f6ea-3e1a-464b-a0fa-cfa574013af2,CLMS_UA_BBH_S2021_R10m_IT040L2_COMO_03035_V02_R03_20260226,2021-01-01T00:00:00.000000Z,2021-12-31T23:59:59.999999Z,324179,0.3091611862182617,/eodata/CLMS/land_cover_use_in_priority_areas/urban_atlas/clms_ua_building-height_europe_10m_3yearly_v1/2021/01/01/CLMS_UA_BBH_S2021_R10m_IT040L2_COMO_03035_V02_R03_20260226,False
490122b0-825b-4289-b34d-06594f2b481c,CLMS_UA_BBH_S2021_R10m_IT041L2_PISA_03035_V02_R03_20260226,2021-01-01T00:00:00.000000Z,2021-12-31T23:59:59.999999Z,482348,0.4600028991699219,/eodata/CLMS/land_cover_use_in_priority_areas/urban_atlas/clms_ua_building-height_europe_10m_3yearly_v1/2021/01/01/CLMS_UA_BBH_S2021_R10m_IT041L2_PISA_03035_V02_R03_20260226,False
3c481f70-392b-4ed8-b2b1-9ee3d83d3017,CLMS_UA_BBH_S2021_R10m_IT042L1_TREVISO_03035_V02_R03_20260226,2021-01-01T00:00:00.000000Z,2021-12-31T23:59:59.999999Z,288363,0.27500438690185547,/eodata/CLMS/land_cover_use_in_priority_areas/urban_atlas/clms_ua_building-height_europe_10m_3yearly_v1/2021/01/01/CLMS_UA_BBH_S2021_R10m_IT042L1_TREVISO_03035_V02_R03_20260226,False
9f089080-8b35-4d7b-a54b-5eaedf4e1ad5,CLMS_UA_BBH_S2021_R10m_IT043L2_VARESE_03035_V02_R03_20260226,2021-01-01T00:00:00.000000Z,2021-12-31T23:59:59.999999Z,308050,0.2937793731689453,/eodata/CLMS/land_cover_use_in_priority_areas/urban_atlas/clms_ua_building-height_europe_10m_3yearly_v1/2021/01/01/CLMS_UA_BBH_S2021_R10m_IT043L2_VARESE_03035_V02_R03_20260226,False
d04e9ae6-9c35-420f-a9a0-586fe73325d4,CLMS_UA_BBH_S2021_R10m_IT045L2_ASTI_03035_V02_R03_20260226,2021-01-01T00:00:00.000000Z,2021-12-31T23:59:59.999999Z,341652,0.3258247375488281,/eodata/CLMS/land_cover_use_in_priority_areas/urban_atlas/clms_ua_building-height_europe_10m_3yearly_v1/2021/01/01/CLMS_UA_BBH_S2021_R10m_IT045L2_ASTI_03035_V02_R03_20260226,False
8bf6884e-7d54-4c49-9719-ae8b819cb46f,CLMS_UA_BBH_S2021_R10m_IT046L2_PAVIA_03035_V02_R03_20260226,2021-01-01T00:00:00.000000Z,2021-12-31T23:59:59.999999Z,231287,0.22057247161865234,/eodata/CLMS/land_cover_use_in_priority_areas/urban_atlas/clms_ua_building-height_europe_10m_3yearly_v1/2021/01/01/CLMS_UA_BBH_S2021_R10m_IT046L2_PAVIA_03035_V02_R03_20260226,False
2c5eeb2b-deed-42e3-a84d-d592a484856a,CLMS_UA_BBH_S2021_R10m_IT047L1_MASSA_03035_V02_R03_20260226,2021-01-01T00:00:00.000000Z,2021-12-31T23:59:59.999999Z,309089,0.2947702407836914,/eodata/CLMS/land_cover_use_in_priority_areas/urban_atlas/clms_ua_building-height_europe_10m_3yearly_v1/2021/01/01/CLMS_UA_BBH_S2021_R10m_IT047L1_MASSA_03035_V02_R03_20260226,False
5a768388-ea52-4cb6-9ea1-244ee2bf5aeb,CLMS_UA_BBH_S2021_R10m_IT048L2_COSENZA_03035_V02_R03_20260226,2021-01-01T00:00:00.000000Z,2021-12-31T23:59:59.999999Z,255360,0.2435302734375,/eodata/CLMS/land_cover_use_in_priority_areas/urban_atlas/clms_ua_building-height_europe_10m_3yearly_v1/2021/01/01/CLMS_UA_BBH_S2021_R10m_IT048L2_COSENZA_03035_V02_R03_20260226,False
a7b65760-f5d9-492e-a6bc-11ded76cdea7,CLMS_UA_BBH_S2021_R10m_IT052L1_SAVONA_03035_V02_R03_20260226,2021-01-01T00:00:00.000000Z,2021-12-31T23:59:59.999999Z,233335,0.22252559661865234,/eodata/CLMS/land_cover_use_in_priority_areas/urban_atlas/clms_ua_building-height_europe_10m_3yearly_v1/2021/01/01/CLMS_UA_BBH_S2021_R10m_IT052L1_SAVONA_03035_V02_R03_20260226,False
d54dadb6-376d-4343-a08f-9d7cd625197b,CLMS_UA_BBH_S2021_R10m_IT054L1_MATERA_03035_V02_R03_20260226,2021-01-01T00:00:00.000000Z,2021-12-31T23:59:59.999999Z,317957,0.30322742462158203,/eodata/CLMS/land_cover_use_in_priority_areas/urban_atlas/clms_ua_building-height_europe_10m_3yearly_v1/2021/01/01/CLMS_UA_BBH_S2021_R10m_IT054L1_MATERA_03035_V02_R03_20260226,False
65c8bd2f-b2b3-40f8-8fb3-80205e95e951,CLMS_UA_BBH_S2021_R10m_IT056L1_ACIREALE_03035_V02_R03_20260226,2021-01-01T00:00:00.000000Z,2021-12-31T23:59:59.999999Z,238843,0.22777843475341797,/eodata/CLMS/land_cover_use_in_priority_areas/urban_atlas/clms_ua_building-height_europe_10m_3yearly_v1/2021/01/01/CLMS_UA_BBH_S2021_R10m_IT056L1_ACIREALE_03035_V02_R03_20260226,False
f2595396-c5d6-4503-ad19-bc4bd4df28e8,CLMS_UA_BBH_S2021_R10m_IT057L2_AVELLINO_03035_V02_R03_20260226,2021-01-01T00:00:00.000000Z,2021-12-31T23:59:59.999999Z,211567,0.2017660140991211,/eodata/CLMS/land_cover_use_in_priority_areas/urban_atlas/clms_ua_building-height_europe_10m_3yearly_v1/2021/01/01/CLMS_UA_BBH_S2021_R10m_IT057L2_AVELLINO_03035_V02_R03_20260226,False
bb109dd4-84f5-448f-894a-53cfbcb0b738,CLMS_UA_BBH_S2021_R10m_IT058L2_PORDENONE_03035_V02_R03_20260226,2021-01-01T00:00:00.000000Z,2021-12-31T23:59:59.999999Z,295137,0.2814645767211914,/eodata/CLMS/land_cover_use_in_priority_areas/urban_atlas/clms_ua_building-height_europe_10m_3yearly_v1/2021/01/01/CLMS_UA_BBH_S2021_R10m_IT058L2_PORDENONE_03035_V02_R03_20260226,False
fa90e94d-b403-4823-8285-b9e5c25db35e,CLMS_UA_BBH_S2021_R10m_IT060L1_LECCO_03035_V02_R03_20260226,2021-01-01T00:00:00.000000Z,2021-12-31T23:59:59.999999Z,218887,0.20874691009521484,/eodata/CLMS/land_cover_use_in_priority_areas/urban_atlas/clms_ua_building-height_europe_10m_3yearly_v1/2021/01/01/CLMS_UA_BBH_S2021_R10m_IT060L1_LECCO_03035_V02_R03_20260226,False
a8a5ad99-a241-4fae-8f1b-07d8a9b2bc9a,CLMS_UA_BBH_S2021_R10m_IT061L0_ALTAMURA_03035_V02_R03_20260226,2021-01-01T00:00:00.000000Z,2021-12-31T23:59:59.999999Z,305865,0.29169559478759766,/eodata/CLMS/land_cover_use_in_priority_areas/urban_atlas/clms_ua_building-height_europe_10m_3yearly_v1/2021/01/01/CLMS_UA_BBH_S2021_R10m_IT061L0_ALTAMURA_03035_V02_R03_20260226,False
a59f9d59-485d-42b1-86bb-3085e9efd8e6,CLMS_UA_BBH_S2021_R10m_IT064L1_BATTIPAGLIA_03035_V02_R03_20260226,2021-01-01T00:00:00.000000Z,2021-12-31T23:59:59.999999Z,219116,0.20896530151367188,/eodata/CLMS/land_cover_use_in_priority_areas/urban_atlas/clms_ua_building-height_europe_10m_3yearly_v1/2021/01/01/CLMS_UA_BBH_S2021_R10m_IT064L1_BATTIPAGLIA_03035_V02_R03_20260226,False
5ae1c2dc-59b9-4cb7-af93-4f741f8d5205,CLMS_UA_BBH_S2021_R10m_IT065L0_BISCEGLIE_03035_V02_R03_20260226,2021-01-01T00:00:00.000000Z,2021-12-31T23:59:59.999999Z,172290,0.1643085479736328,/eodata/CLMS/land_cover_use_in_priority_areas/urban_atlas/clms_ua_building-height_europe_10m_3yearly_v1/2021/01/01/CLMS_UA_BBH_S2021_R10m_IT065L0_BISCEGLIE_03035_V02_R03_20260226,False
86fc7cb8-dff9-4b7b-b353-736da7e9bc35,CLMS_UA_BBH_S2021_R10m_IT066L1_CARPI_03035_V02_R03_20260226,2021-01-01T00:00:00.000000Z,2021-12-31T23:59:59.999999Z,320365,0.3055238723754883,/eodata/CLMS/land_cover_use_in_priority_areas/urban_atlas/clms_ua_building-height_europe_10m_3yearly_v1/2021/01/01/CLMS_UA_BBH_S2021_R10m_IT066L1_CARPI_03035_V02_R03_20260226,False
3f585c23-91ac-438b-8281-24840abc1109,CLMS_UA_BBH_S2021_R10m_IT067L0_CERIGNOLA_03035_V02_R05_20260226,2021-01-01T00:00:00.000000Z,2021-12-31T23:59:59.999999Z,330776,0.31545257568359375,/eodata/CLMS/land_cover_use_in_priority_areas/urban_atlas/clms_ua_building-height_europe_10m_3yearly_v1/2021/01/01/CLMS_UA_BBH_S2021_R10m_IT067L0_CERIGNOLA_03035_V02_R05_20260226,False
7bacdd7d-41f5-4252-9a83-9c2a5f028522,CLMS_UA_BBH_S2021_R10m_IT069L1_GELA_03035_V02_R03_20260226,2021-01-01T00:00:00.000000Z,2021-12-31T23:59:59.999999Z,299222,0.28536033630371094,/eodata/CLMS/land_cover_use_in_priority_areas/urban_atlas/clms_ua_building-height_europe_10m_3yearly_v1/2021/01/01/CLMS_UA_BBH_S2021_R10m_IT069L1_GELA_03035_V02_R03_20260226,False
068e288a-5608-41b5-81d5-dce125773385,CLMS_UA_BBH_S2021_R10m_IT073L1_SASSUOLO_03035_V02_R03_20260226,2021-01-01T00:00:00.000000Z,2021-12-31T23:59:59.999999Z,235276,0.22437667846679688,/eodata/CLMS/land_cover_use_in_priority_areas/urban_atlas/clms_ua_building-height_europe_10m_3yearly_v1/2021/01/01/CLMS_UA_BBH_S2021_R10m_IT073L1_SASSUOLO_03035_V02_R03_20260226,False
67294900-26f8-43cb-9cf8-5833337d1c07,CLMS_UA_BBH_S2021_R10m_IT501L2_MESSINA_03035_V02_R03_20260226,2021-01-01T00:00:00.000000Z,2021-12-31T23:59:59.999999Z,474308,0.4523353576660156,/eodata/CLMS/land_cover_use_in_priority_areas/urban_atlas/clms_ua_building-height_europe_10m_3yearly_v1/2021/01/01/CLMS_UA_BBH_S2021_R10m_IT501L2_MESSINA_03035_V02_R03_20260226,False
487ed455-a03d-4cbc-a5a4-210f27c3d28f,CLMS_UA_BBH_S2021_R10m_IT502L2_PRATO_03035_V02_R03_20260226,2021-01-01T00:00:00.000000Z,2021-12-31T23:59:59.999999Z,412075,0.39298534393310547,/eodata/CLMS/land_cover_use_in_priority_areas/urban_atlas/clms_ua_building-height_europe_10m_3yearly_v1/2021/01/01/CLMS_UA_BBH_S2021_R10m_IT502L2_PRATO_03035_V02_R03_20260226,False
9c25204b-71ba-4583-acf1-c3704f2c01b8,CLMS_UA_BBH_S2021_R10m_IT503L3_PARMA_03035_V02_R03_20260226,2021-01-01T00:00:00.000000Z,2021-12-31T23:59:59.999999Z,570293,0.5438737869262695,/eodata/CLMS/land_cover_use_in_priority_areas/urban_atlas/clms_ua_building-height_europe_10m_3yearly_v1/2021/01/01/CLMS_UA_BBH_S2021_R10m_IT503L3_PARMA_03035_V02_R03_20260226,False
ac795ab5-5e55-4b4a-ae44-705325da5e61,CLMS_UA_BBH_S2021_R10m_IT504L3_LIVORNO_03035_V02_R03_20260226,2021-01-01T00:00:00.000000Z,2021-12-31T23:59:59.999999Z,408567,0.38963985443115234,/eodata/CLMS/land_cover_use_in_priority_areas/urban_atlas/clms_ua_building-height_europe_10m_3yearly_v1/2021/01/01/CLMS_UA_BBH_S2021_R10m_IT504L3_LIVORNO_03035_V02_R03_20260226,False
d059f8c6-0786-428f-89fd-f9bb4662a496,CLMS_UA_BBH_S2021_R10m_IT505L3_REGGIO_NELL_EMILIA_03035_V02_R03_20260226,2021-01-01T00:00:00.000000Z,2021-12-31T23:59:59.999999Z,533149,0.5084505081176758,/eodata/CLMS/land_cover_use_in_priority_areas/urban_atlas/clms_ua_building-height_europe_10m_3yearly_v1/2021/01/01/CLMS_UA_BBH_S2021_R10m_IT505L3_REGGIO_NELL_EMILIA_03035_V02_R03_20260226,False
17635102-1f7f-4de7-afd8-ca6aa7c140db,CLMS_UA_BBH_S2021_R10m_IT506L2_RAVENNA_03035_V02_R03_20260226,2021-01-01T00:00:00.000000Z,2021-12-31T23:59:59.999999Z,816405,0.7785844802856445,/eodata/CLMS/land_cover_use_in_priority_areas/urban_atlas/clms_ua_building-height_europe_10m_3yearly_v1/2021/01/01/CLMS_UA_BBH_S2021_R10m_IT506L2_RAVENNA_03035_V02_R03_20260226,False
d96b25ef-c7ff-4f38-bf55-90466f1a8780,CLMS_UA_BBH_S2021_R10m_IT507L2_FERRARA_03035_V02_R03_20260226,2021-01-01T00:00:00.000000Z,2021-12-31T23:59:59.999999Z,562979,0.5368986129760742,/eodata/CLMS/land_cover_use_in_priority_areas/urban_atlas/clms_ua_building-height_europe_10m_3yearly_v1/2021/01/01/CLMS_UA_BBH_S2021_R10m_IT507L2_FERRARA_03035_V02_R03_20260226,False
718b12fb-3caa-4e48-a45a-297d36abd929,CLMS_UA_BBH_S2021_R10m_IT508L3_RIMINI_03035_V02_R03_20260226,2021-01-01T00:00:00.000000Z,2021-12-31T23:59:59.999999Z,432251,0.41222667694091797,/eodata/CLMS/land_cover_use_in_priority_areas/urban_atlas/clms_ua_building-height_europe_10m_3yearly_v1/2021/01/01/CLMS_UA_BBH_S2021_R10m_IT508L3_RIMINI_03035_V02_R03_20260226,False
cbd934bc-7774-4a97-9161-8530fea79356,CLMS_UA_BBH_S2021_R10m_IT509L3_SIRACUSA_03035_V02_R03_20260226,2021-01-01T00:00:00.000000Z,2021-12-31T23:59:59.999999Z,409519,0.3905477523803711,/eodata/CLMS/land_cover_use_in_priority_areas/urban_atlas/clms_ua_building-height_europe_10m_3yearly_v1/2021/01/01/CLMS_UA_BBH_S2021_R10m_IT509L3_SIRACUSA_03035_V02_R03_20260226,False
50fc6c8f-38f8-4647-8904-5be36f589c58,CLMS_UA_BBH_S2021_R10m_IT511L2_BERGAMO_03035_V02_R03_20260226,2021-01-01T00:00:00.000000Z,2021-12-31T23:59:59.999999Z,603904,0.575927734375,/eodata/CLMS/land_cover_use_in_priority_areas/urban_atlas/clms_ua_building-height_europe_10m_3yearly_v1/2021/01/01/CLMS_UA_BBH_S2021_R10m_IT511L2_BERGAMO_03035_V02_R03_20260226,False
fe2b6612-bc84-4e51-a5aa-c515fa442fbc,CLMS_UA_BBH_S2021_R10m_IT512L3_FORLI_03035_V02_R03_20260226,2021-01-01T00:00:00.000000Z,2021-12-31T23:59:59.999999Z,495892,0.4729194641113281,/eodata/CLMS/land_cover_use_in_priority_areas/urban_atlas/clms_ua_building-height_europe_10m_3yearly_v1/2021/01/01/CLMS_UA_BBH_S2021_R10m_IT512L3_FORLI_03035_V02_R03_20260226,False
48aafee6-8b65-403c-bf7c-b2b9903de07c,CLMS_UA_BBH_S2021_R10m_IT513L3_LATINA_03035_V02_R03_20260226,2021-01-01T00:00:00.000000Z,2021-12-31T23:59:59.999999Z,501582,0.4783458709716797,/eodata/CLMS/land_cover_use_in_priority_areas/urban_atlas/clms_ua_building-height_europe_10m_3yearly_v1/2021/01/01/CLMS_UA_BBH_S2021_R10m_IT513L3_LATINA_03035_V02_R03_20260226,False
38c6269b-dedc-47f4-8965-a1ee884ac224,CLMS_UA_BBH_S2021_R10m_IT514L2_VICENZA_03035_V02_R03_20260226,2021-01-01T00:00:00.000000Z,2021-12-31T23:59:59.999999Z,356373,0.33986377716064453,/eodata/CLMS/land_cover_use_in_priority_areas/urban_atlas/clms_ua_building-height_europe_10m_3yearly_v1/2021/01/01/CLMS_UA_BBH_S2021_R10m_IT514L2_VICENZA_03035_V02_R03_20260226,False
19cf2b97-62ce-4ddb-b3c9-ee2fddfb9eb0,CLMS_UA_BBH_S2021_R10m_IT515L2_TERNI_03035_V02_R03_20260226,2021-01-01T00:00:00.000000Z,2021-12-31T23:59:59.999999Z,362878,0.3460674285888672,/eodata/CLMS/land_cover_use_in_priority_areas/urban_atlas/clms_ua_building-height_europe_10m_3yearly_v1/2021/01/01/CLMS_UA_BBH_S2021_R10m_IT515L2_TERNI_03035_V02_R03_20260226,False
8890391e-d019-4dfa-94e5-5788c7d6df98,CLMS_UA_BBH_S2021_R10m_IT516L2_NOVARA_03035_V02_R05_20260226,2021-01-01T00:00:00.000000Z,2021-12-31T23:59:59.999999Z,295832,0.28212738037109375,/eodata/CLMS/land_cover_use_in_priority_areas/urban_atlas/clms_ua_building-height_europe_10m_3yearly_v1/2021/01/01/CLMS_UA_BBH_S2021_R10m_IT516L2_NOVARA_03035_V02_R05_20260226,False
2358ebc8-47ab-4544-9998-f775c0b23569,CLMS_UA_BBH_S2021_R10m_IT518L1_ALESSANDRIA_03035_V02_R03_20260226,2021-01-01T00:00:00.000000Z,2021-12-31T23:59:59.999999Z,423123,0.4035215377807617,/eodata/CLMS/land_cover_use_in_priority_areas/urban_atlas/clms_ua_building-height_europe_10m_3yearly_v1/2021/01/01/CLMS_UA_BBH_S2021_R10m_IT518L1_ALESSANDRIA_03035_V02_R03_20260226,False
7a406226-c19c-4936-a38c-4138ffc3974a,CLMS_UA_BBH_S2021_R10m_IT519L1_AREZZO_03035_V02_R03_20260226,2021-01-01T00:00:00.000000Z,2021-12-31T23:59:59.999999Z,507323,0.48382091522216797,/eodata/CLMS/land_cover_use_in_priority_areas/urban_atlas/clms_ua_building-height_europe_10m_3yearly_v1/2021/01/01/CLMS_UA_BBH_S2021_R10m_IT519L1_AREZZO_03035_V02_R03_20260226,False
08819632-fc16-4a55-96b1-01ff6cd80742,CLMS_UA_BBH_S2021_R10m_IT520L1_GROSSETO_03035_V02_R03_20260226,2021-01-01T00:00:00.000000Z,2021-12-31T23:59:59.999999Z,429547,0.40964794158935547,/eodata/CLMS/land_cover_use_in_priority_areas/urban_atlas/clms_ua_building-height_europe_10m_3yearly_v1/2021/01/01/CLMS_UA_BBH_S2021_R10m_IT520L1_GROSSETO_03035_V02_R03_20260226,False
d1ebb65a-4615-4056-9721-07ea2609a4ce,CLMS_UA_BBH_S2021_R10m_IT521L1_BRINDISI_03035_V02_R03_20260226,2021-01-01T00:00:00.000000Z,2021-12-31T23:59:59.999999Z,364606,0.3477153778076172,/eodata/CLMS/land_cover_use_in_priority_areas/urban_atlas/clms_ua_building-height_europe_10m_3yearly_v1/2021/01/01/CLMS_UA_BBH_S2021_R10m_IT521L1_BRINDISI_03035_V02_R03_20260226,False
630afc3d-9dc9-4573-a179-ce1cb7347100,CLMS_UA_BBH_S2021_R10m_IT522L1_TRAPANI_03035_V02_R03_20260226,2021-01-01T00:00:00.000000Z,2021-12-31T23:59:59.999999Z,336911,0.3213033676147461,/eodata/CLMS/land_cover_use_in_priority_areas/urban_atlas/clms_ua_building-height_europe_10m_3yearly_v1/2021/01/01/CLMS_UA_BBH_S2021_R10m_IT522L1_TRAPANI_03035_V02_R03_20260226,False
d971713f-c86c-41a4-9075-d7998cb0299c,CLMS_UA_BBH_S2021_R10m_IT523L1_RAGUSA_03035_V02_R03_20260226,2021-01-01T00:00:00.000000Z,2021-12-31T23:59:59.999999Z,474872,0.45287322998046875,/eodata/CLMS/land_cover_use_in_priority_areas/urban_atlas/clms_ua_building-height_europe_10m_3yearly_v1/2021/01/01/CLMS_UA_BBH_S2021_R10m_IT523L1_RAGUSA_03035_V02_R03_20260226,False
b242c011-b0cf-4cf5-96fd-2fbd061a8955,CLMS_UA_BBH_S2021_R10m_IT524L0_ANDRIA_03035_V02_R03_20260226,2021-01-01T00:00:00.000000Z,2021-12-31T23:59:59.999999Z,345398,0.32939720153808594,/eodata/CLMS/land_cover_use_in_priority_areas/urban_atlas/clms_ua_building-height_europe_10m_3yearly_v1/2021/01/01/CLMS_UA_BBH_S2021_R10m_IT524L0_ANDRIA_03035_V02_R03_20260226,False
213d1255-3fc9-4513-b85e-029dcab0b784,CLMS_UA_BBH_S2021_R10m_IT525L0_TRANI_03035_V02_R03_20260226,2021-01-01T00:00:00.000000Z,2021-12-31T23:59:59.999999Z,205645,0.19611835479736328,/eodata/CLMS/land_cover_use_in_priority_areas/urban_atlas/clms_ua_building-height_europe_10m_3yearly_v1/2021/01/01/CLMS_UA_BBH_S2021_R10m_IT525L0_TRANI_03035_V02_R03_20260226,False
16f0c274-463b-41f6-a654-95c81254d750,CLMS_UA_BBH_S2021_R10m_IT526L1_L_AQUILA_03035_V02_R03_20260226,2021-01-01T00:00:00.000000Z,2021-12-31T23:59:59.999999Z,461718,0.44032859802246094,/eodata/CLMS/land_cover_use_in_priority_areas/urban_atlas/clms_ua_building-height_europe_10m_3yearly_v1/2021/01/01/CLMS_UA_BBH_S2021_R10m_IT526L1_L_AQUILA_03035_V02_R03_20260226,False
