product_id,product_name,raster_path,accepted_as_bbh,reason,width,height,band_count,dtype,crs,epsg,res_x,res_y,nodata_metadata,scale,offset,left,bottom,right,top,check_band,check_crs,check_resolution,check_dtype,n_pixels,n_nodata,n_values_0_2,n_height_pixels_ge3,non_nodata_min,non_nodata_max,height_min_m,height_max_m,height_mean_m,height_std_m
fdcf6310-da31-4277-a0ae-4cfb0dfa45e8,CLMS_UA_BBH_S2021_R10m_CH009L2_LUGANO_03035_V02_R03_20260226,C:\Users\ricca\Sport & Culture Urban Climate\data_raw\urban_atlas_bbh_2021_italia\extracted_tifs\fdcf6310-da31-4277-a0ae-4cfb0dfa45e8\CLMS_UA_BBH_S2021_R10m_CH009L2_LUGANO_03035_V02_R03_20260226.tif,True,OK,1309,1880,1,uint16,EPSG:3035,3035,10.0,10.0,65535.0,1.0,0.0,4235590.0,2537130.0,4248680.0,2555930.0,True,True,True,True,2460920,2404402,0,56518,3.0,68.0,3.0,68.0,8.830408011606922,5.626608094785873
4ed14e0a-f61e-46a5-864a-63646860cdbf,CLMS_UA_BBH_S2021_R10m_IT001L3_ROMA_03035_V02_R03_20260226,C:\Users\ricca\Sport & Culture Urban Climate\data_raw\urban_atlas_bbh_2021_italia\extracted_tifs\4ed14e0a-f61e-46a5-864a-63646860cdbf\CLMS_UA_BBH_S2021_R10m_IT001L3_ROMA_03035_V02_R03_20260226.tif,True,OK,5162,7626,1,uint16,EPSG:3035,3035,10.0,10.0,65535.0,1.0,0.0,4507280.0,2041870.0,4558900.0,2118130.0,True,True,True,True,39365412,37838027,0,1527385,3.0,177.0,3.0,177.0,11.912241510817509,7.200922421907985
9627be70-47ee-47d4-9268-d6741887e674,CLMS_UA_BBH_S2021_R10m_IT002L3_MILANO_03035_V02_R03_20260226,C:\Users\ricca\Sport & Culture Urban Climate\data_raw\urban_atlas_bbh_2021_italia\extracted_tifs\9627be70-47ee-47d4-9268-d6741887e674\CLMS_UA_BBH_S2021_R10m_IT002L3_MILANO_03035_V02_R03_20260226.tif,True,OK,5542,4279,1,uint16,EPSG:3035,3035,10.0,10.0,65535.0,1.0,0.0,4221350.0,2471450.0,4276770.0,2514240.0,True,True,True,True,23714218,21625694,0,2088524,3.0,217.0,3.0,217.0,10.019420892458022,6.833858180767096
0cd9a015-1d75-42a7-a444-2b2f03dab735,CLMS_UA_BBH_S2021_R10m_IT003L3_NAPOLI_03035_V02_R03_20260226,C:\Users\ricca\Sport & Culture Urban Climate\data_raw\urban_atlas_bbh_2021_italia\extracted_tifs\0cd9a015-1d75-42a7-a444-2b2f03dab735\CLMS_UA_BBH_S2021_R10m_IT003L3_NAPOLI_03035_V02_R03_20260226.tif,True,OK,5932,3924,1,uint16,EPSG:3035,3035,10.0,10.0,65535.0,1.0,0.0,4660680.0,1962410.0,4720000.0,2001650.0,True,True,True,True,23277168,21874874,0,1402294,3.0,114.0,3.0,114.0,8.721818677110505,6.141537702167631
fe9604fe-9f93-480f-80a8-3df8c8fdb9ee,CLMS_UA_BBH_S2021_R10m_IT004L2_TORINO_03035_V02_R03_20260226,C:\Users\ricca\Sport & Culture Urban Climate\data_raw\urban_atlas_bbh_2021_italia\extracted_tifs\fe9604fe-9f93-480f-80a8-3df8c8fdb9ee\CLMS_UA_BBH_S2021_R10m_IT004L2_TORINO_03035_V02_R03_20260226.tif,True,OK,2200,1846,1,uint16,EPSG:3035,3035,10.0,10.0,65535.0,1.0,0.0,4124000.0,2432000.0,4146000.0,2450460.0,True,True,True,True,4061200,3598471,0,462729,3.0,159.0,3.0,159.0,11.594138253707893,8.396109043035004
aaba2d64-e4d5-400a-9abe-759456898629,CLMS_UA_BBH_S2021_R10m_IT005L3_PALERMO_03035_V02_R03_20260226,C:\Users\ricca\Sport & Culture Urban Climate\data_raw\urban_atlas_bbh_2021_italia\extracted_tifs\aaba2d64-e4d5-400a-9abe-759456898629\CLMS_UA_BBH_S2021_R10m_IT005L3_PALERMO_03035_V02_R03_20260226.tif,True,OK,2622,1967,1,uint16,EPSG:3035,3035,10.0,10.0,65535.0,1.0,0.0,4607710.0,1668720.0,4633930.0,1688390.0,True,True,True,True,5157474,4856922,0,300552,3.0,67.0,3.0,67.0,10.874118289014879,8.534837979675087
255f7a7b-6ee6-4f00-9726-36589318f1b7,CLMS_UA_BBH_S2021_R10m_IT006L3_GENOVA_03035_V02_R03_20260226,C:\Users\ricca\Sport & Culture Urban Climate\data_raw\urban_atlas_bbh_2021_italia\extracted_tifs\255f7a7b-6ee6-4f00-9726-36589318f1b7\CLMS_UA_BBH_S2021_R10m_IT006L3_GENOVA_03035_V02_R03_20260226.tif,True,OK,3205,1642,1,uint16,EPSG:3035,3035,10.0,10.0,65535.0,1.0,0.0,4216540.0,2363000.0,4248590.0,2379420.0,True,True,True,True,5262610,5089676,0,172934,3.0,109.0,3.0,109.0,15.578821978326992,9.178840851261464
2ad53c0d-9943-493f-89ea-7551a8464aa1,CLMS_UA_BBH_S2021_R10m_IT007L3_FIRENZE_03035_V02_R05_20260226,C:\Users\ricca\Sport & Culture Urban Climate\data_raw\urban_atlas_bbh_2021_italia\extracted_tifs\2ad53c0d-9943-493f-89ea-7551a8464aa1\CLMS_UA_BBH_S2021_R10m_IT007L3_FIRENZE_03035_V02_R05_20260226.tif,True,OK,1521,1275,1,uint16,EPSG:3035,3035,10.0,10.0,65535.0,1.0,0.0,4413840.0,2291000.0,4429050.0,2303750.0,True,True,True,True,1939275,1743847,0,195428,3.0,71.0,3.0,71.0,11.119593916941277,6.35382139936265
ece2afc3-07cc-4481-b281-bffa7f407d89,CLMS_UA_BBH_S2021_R10m_IT008L3_BARI_03035_V02_R03_20260226,C:\Users\ricca\Sport & Culture Urban Climate\data_raw\urban_atlas_bbh_2021_italia\extracted_tifs\ece2afc3-07cc-4481-b281-bffa7f407d89\CLMS_UA_BBH_S2021_R10m_IT008L3_BARI_03035_V02_R03_20260226.tif,True,OK,4612,3081,1,uint16,EPSG:3035,3035,10.0,10.0,65535.0,1.0,0.0,4867510.0,2007340.0,4913630.0,2038150.0,True,True,True,True,14209572,13997587,0,211985,3.0,54.0,3.0,54.0,9.48777507842536,6.997073159882911
21019e28-9621-4e6b-9ff6-e3d5e20908d9,CLMS_UA_BBH_S2021_R10m_IT009L1_BOLOGNA_03035_V02_R03_20260226,C:\Users\ricca\Sport & Culture Urban Climate\data_raw\urban_atlas_bbh_2021_italia\extracted_tifs\21019e28-9621-4e6b-9ff6-e3d5e20908d9\CLMS_UA_BBH_S2021_R10m_IT009L1_BOLOGNA_03035_V02_R03_20260226.tif,True,OK,1629,1505,1,uint16,EPSG:3035,3035,10.0,10.0,65535.0,1.0,0.0,4418930.0,2368750.0,4435220.0,2383800.0,True,True,True,True,2451645,2252490,0,199155,3.0,74.0,3.0,74.0,9.167276744244433,5.403982745383362
03993896-f5ad-43c6-870b-a8f67bb5177a,CLMS_UA_BBH_S2021_R10m_IT010L2_CATANIA_03035_V02_R03_20260226,C:\Users\ricca\Sport & Culture Urban Climate\data_raw\urban_atlas_bbh_2021_italia\extracted_tifs\03993896-f5ad-43c6-870b-a8f67bb5177a\CLMS_UA_BBH_S2021_R10m_IT010L2_CATANIA_03035_V02_R03_20260226.tif,True,OK,1791,2984,1,uint16,EPSG:3035,3035,10.0,10.0,65535.0,1.0,0.0,4761090.0,1602160.0,4779000.0,1632000.0,True,True,True,True,5344344,5061268,0,283076,3.0,68.0,3.0,68.0,8.609804434144895,5.722769271475262
c2f9f827-7247-4425-bea9-c6c9bcf00f48,CLMS_UA_BBH_S2021_R10m_IT011L2_VENEZIA_03035_V02_R03_20260226,C:\Users\ricca\Sport & Culture Urban Climate\data_raw\urban_atlas_bbh_2021_italia\extracted_tifs\c2f9f827-7247-4425-bea9-c6c9bcf00f48\CLMS_UA_BBH_S2021_R10m_IT011L2_VENEZIA_03035_V02_R03_20260226.tif,True,OK,3232,3870,1,uint16,EPSG:3035,3035,10.0,10.0,65535.0,1.0,0.0,4488000.0,2460840.0,4520320.0,2499540.0,True,True,True,True,12507840,12263185,0,244655,3.0,95.0,3.0,95.0,8.828019047229773,5.6642172532804205
a1a20bc6-95e6-4131-b8cf-b63ce9b6e51b,CLMS_UA_BBH_S2021_R10m_IT012L3_VERONA_03035_V02_R03_20260226,C:\Users\ricca\Sport & Culture Urban Climate\data_raw\urban_atlas_bbh_2021_italia\extracted_tifs\a1a20bc6-95e6-4131-b8cf-b63ce9b6e51b\CLMS_UA_BBH_S2021_R10m_IT012L3_VERONA_03035_V02_R03_20260226.tif,True,OK,1880,2102,1,uint16,EPSG:3035,3035,10.0,10.0,65535.0,1.0,0.0,4389680.0,2471310.0,4408480.0,2492330.0,True,True,True,True,3951760,3783711,0,168049,3.0,56.0,3.0,56.0,7.717439556319883,4.864474845164398
6420e4ef-e20b-494e-bd78-fe3cc87360d0,CLMS_UA_BBH_S2021_R10m_IT013L3_CREMONA_03035_V02_R03_20260226,C:\Users\ricca\Sport & Culture Urban Climate\data_raw\urban_atlas_bbh_2021_italia\extracted_tifs\6420e4ef-e20b-494e-bd78-fe3cc87360d0\CLMS_UA_BBH_S2021_R10m_IT013L3_CREMONA_03035_V02_R03_20260226.tif,True,OK,1314,1034,1,uint16,EPSG:3035,3035,10.0,10.0,65535.0,1.0,0.0,4316500.0,2442070.0,4329640.0,2452410.0,True,True,True,True,1358676,1293237,0,65439,3.0,53.0,3.0,53.0,8.868641024465532,5.234717307457144
ec84ee5a-65c2-4434-afc7-4ceec990fdb6,CLMS_UA_BBH_S2021_R10m_IT014L3_TRENTO_03035_V02_R03_20260226,C:\Users\ricca\Sport & Culture Urban Climate\data_raw\urban_atlas_bbh_2021_italia\extracted_tifs\ec84ee5a-65c2-4434-afc7-4ceec990fdb6\CLMS_UA_BBH_S2021_R10m_IT014L3_TRENTO_03035_V02_R03_20260226.tif,True,OK,1281,1844,1,uint16,EPSG:3035,3035,10.0,10.0,65535.0,1.0,0.0,4400550.0,2541660.0,4413360.0,2560100.0,True,True,True,True,2362164,2283987,0,78177,3.0,49.0,3.0,49.0,8.220128682349028,4.988961305013145
a88a4a4b-e59d-442a-a42c-c45244b934d4,CLMS_UA_BBH_S2021_R10m_IT015L1_TRIESTE_03035_V02_R03_20260226,C:\Users\ricca\Sport & Culture Urban Climate\data_raw\urban_atlas_bbh_2021_italia\extracted_tifs\a88a4a4b-e59d-442a-a42c-c45244b934d4\CLMS_UA_BBH_S2021_R10m_IT015L1_TRIESTE_03035_V02_R03_20260226.tif,True,OK,1743,1494,1,uint16,EPSG:3035,3035,10.0,10.0,65535.0,1.0,0.0,4606740.0,2506960.0,4624170.0,2521900.0,True,True,True,True,2604042,2506461,0,97581,3.0,60.0,3.0,60.0,9.6819872721124,7.175048961857196
b7561fb7-9873-4402-be10-d499b7ed25f0,CLMS_UA_BBH_S2021_R10m_IT016L3_PERUGIA_03035_V02_R03_20260226,C:\Users\ricca\Sport & Culture Urban Climate\data_raw\urban_atlas_bbh_2021_italia\extracted_tifs\b7561fb7-9873-4402-be10-d499b7ed25f0\CLMS_UA_BBH_S2021_R10m_IT016L3_PERUGIA_03035_V02_R03_20260226.tif,True,OK,3112,3235,1,uint16,EPSG:3035,3035,10.0,10.0,65535.0,1.0,0.0,4499090.0,2212610.0,4530210.0,2244960.0,True,True,True,True,10067320,9940228,0,127092,3.0,49.0,3.0,49.0,6.031292292197778,3.842636983687316
8ef25335-de5b-4841-8299-6809fa5508bd,CLMS_UA_BBH_S2021_R10m_IT017L3_ANCONA_03035_V02_R03_20260226,C:\Users\ricca\Sport & Culture Urban Climate\data_raw\urban_atlas_bbh_2021_italia\extracted_tifs\8ef25335-de5b-4841-8299-6809fa5508bd\CLMS_UA_BBH_S2021_R10m_IT017L3_ANCONA_03035_V02_R03_20260226.tif,True,OK,1893,1330,1,uint16,EPSG:3035,3035,10.0,10.0,65535.0,1.0,0.0,4594160.0,2273590.0,4613090.0,2286890.0,True,True,True,True,2517690,2450397,0,67293,3.0,53.0,3.0,53.0,8.120859524764834,4.285066126580626
7094dcb1-d55e-47e8-9078-25389487bee4,CLMS_UA_BBH_S2021_R10m_IT019L2_PESCARA_03035_V02_R03_20260226,C:\Users\ricca\Sport & Culture Urban Climate\data_raw\urban_atlas_bbh_2021_italia\extracted_tifs\7094dcb1-d55e-47e8-9078-25389487bee4\CLMS_UA_BBH_S2021_R10m_IT019L2_PESCARA_03035_V02_R03_20260226.tif,True,OK,1700,1200,1,uint16,EPSG:3035,3035,10.0,10.0,65535.0,1.0,0.0,4660000.0,2155000.0,4677000.0,2167000.0,True,True,True,True,2040000,1916085,0,123915,3.0,52.0,3.0,52.0,7.876584755679296,5.4967070660657935
8ba0bd59-034f-4063-a923-b44589e698c7,CLMS_UA_BBH_S2021_R10m_IT020L3_CAMPOBASSO_03035_V02_R03_20260226,C:\Users\ricca\Sport & Culture Urban Climate\data_raw\urban_atlas_bbh_2021_italia\extracted_tifs\8ba0bd59-034f-4063-a923-b44589e698c7\CLMS_UA_BBH_S2021_R10m_IT020L3_CAMPOBASSO_03035_V02_R03_20260226.tif,True,OK,1013,957,1,uint16,EPSG:3035,3035,10.0,10.0,65535.0,1.0,0.0,4706110.0,2059340.0,4716240.0,2068910.0,True,True,True,True,969441,934691,0,34750,3.0,49.0,3.0,49.0,7.6559136690647485,5.071519459968061
8b5a0f5c-4fcc-4bb6-8c55-6ef9665c945c,CLMS_UA_BBH_S2021_R10m_IT021L2_CASERTA_03035_V02_R03_20260226,C:\Users\ricca\Sport & Culture Urban Climate\data_raw\urban_atlas_bbh_2021_italia\extracted_tifs\8b5a0f5c-4fcc-4bb6-8c55-6ef9665c945c\CLMS_UA_BBH_S2021_R10m_IT021L2_CASERTA_03035_V02_R03_20260226.tif,True,OK,1790,1181,1,uint16,EPSG:3035,3035,10.0,10.0,65535.0,1.0,0.0,4677000.0,2002000.0,4694900.0,2013810.0,True,True,True,True,2113990,1959351,0,154639,3.0,60.0,3.0,60.0,6.285400190120216,3.7196208548878014
79a583d7-e2f2-4200-94c1-a5d6da8e6219,CLMS_UA_BBH_S2021_R10m_IT022L2_TARANTO_03035_V02_R03_20260226,C:\Users\ricca\Sport & Culture Urban Climate\data_raw\urban_atlas_bbh_2021_italia\extracted_tifs\79a583d7-e2f2-4200-94c1-a5d6da8e6219\CLMS_UA_BBH_S2021_R10m_IT022L2_TARANTO_03035_V02_R03_20260226.tif,True,OK,2928,2885,1,uint16,EPSG:3035,3035,10.0,10.0,65535.0,1.0,0.0,4926320.0,1945850.0,4955600.0,1974700.0,True,True,True,True,8447280,8317797,0,129483,3.0,81.0,3.0,81.0,12.004363507178548,9.097824268530504
dbfb8e54-9511-48a3-952c-e21acf212718,CLMS_UA_BBH_S2021_R10m_IT023L2_POTENZA_03035_V02_R03_20260226,C:\Users\ricca\Sport & Culture Urban Climate\data_raw\urban_atlas_bbh_2021_italia\extracted_tifs\dbfb8e54-9511-48a3-952c-e21acf212718\CLMS_UA_BBH_S2021_R10m_IT023L2_POTENZA_03035_V02_R03_20260226.tif,True,OK,1595,1572,1,uint16,EPSG:3035,3035,10.0,10.0,65535.0,1.0,0.0,4805600.0,1963210.0,4821550.0,1978930.0,True,True,True,True,2507340,2459020,0,48320,3.0,49.0,3.0,49.0,8.652793874172186,6.725907338694474
05d0454e-9b15-42fa-ac6e-b30496dc695a,CLMS_UA_BBH_S2021_R10m_IT024L3_CATANZARO_03035_V02_R03_20260226,C:\Users\ricca\Sport & Culture Urban Climate\data_raw\urban_atlas_bbh_2021_italia\extracted_tifs\05d0454e-9b15-42fa-ac6e-b30496dc695a\CLMS_UA_BBH_S2021_R10m_IT024L3_CATANZARO_03035_V02_R03_20260226.tif,True,OK,1310,1623,1,uint16,EPSG:3035,3035,10.0,10.0,65535.0,1.0,0.0,4891070.0,1772790.0,4904170.0,1789020.0,True,True,True,True,2126130,2069199,0,56931,3.0,53.0,3.0,53.0,9.415942105355606,6.428106606733088
467af23e-ac53-45ce-b0c8-e0fd8b92bc09,CLMS_UA_BBH_S2021_R10m_IT025L3_REGGIO_DI_CALABRIA_03035_V02_R03_20260226,C:\Users\ricca\Sport & Culture Urban Climate\data_raw\urban_atlas_bbh_2021_italia\extracted_tifs\467af23e-ac53-45ce-b0c8-e0fd8b92bc09\CLMS_UA_BBH_S2021_R10m_IT025L3_REGGIO_DI_CALABRIA_03035_V02_R03_20260226.tif,True,OK,1863,2454,1,uint16,EPSG:3035,3035,10.0,10.0,65535.0,1.0,0.0,4817340.0,1675280.0,4835970.0,1699820.0,True,True,True,True,4571802,4472780,0,99022,3.0,45.0,3.0,45.0,8.935458786936236,5.669088135733675
7e096d93-62ee-481c-b605-df3035f9d8ee,CLMS_UA_BBH_S2021_R10m_IT026L3_SASSARI_03035_V02_R03_20260226,C:\Users\ricca\Sport & Culture Urban Climate\data_raw\urban_atlas_bbh_2021_italia\extracted_tifs\7e096d93-62ee-481c-b605-df3035f9d8ee\CLMS_UA_BBH_S2021_R10m_IT026L3_SASSARI_03035_V02_R03_20260226.tif,True,OK,4217,2307,1,uint16,EPSG:3035,3035,10.0,10.0,65535.0,1.0,0.0,4163630.0,1953040.0,4205800.0,1976110.0,True,True,True,True,9728619,9637143,0,91476,3.0,61.0,3.0,61.0,8.116664480300845,5.67007150977781
af24bd2d-ad3c-4eaf-b92b-521b04d01b6e,CLMS_UA_BBH_S2021_R10m_IT027L2_CAGLIARI_03035_V02_R03_20260226,C:\Users\ricca\Sport & Culture Urban Climate\data_raw\urban_atlas_bbh_2021_italia\extracted_tifs\af24bd2d-ad3c-4eaf-b92b-521b04d01b6e\CLMS_UA_BBH_S2021_R10m_IT027L2_CAGLIARI_03035_V02_R03_20260226.tif,True,OK,1756,1311,1,uint16,EPSG:3035,3035,10.0,10.0,65535.0,1.0,0.0,4235440.0,1786070.0,4253000.0,1799180.0,True,True,True,True,2302116,2177971,0,124145,3.0,54.0,3.0,54.0,7.67735309517097,5.425585308633048
c2cff5c1-6233-48e4-8dfa-f214c5a2c913,CLMS_UA_BBH_S2021_R10m_IT028L3_PADOVA_03035_V02_R03_20260226,C:\Users\ricca\Sport & Culture Urban Climate\data_raw\urban_atlas_bbh_2021_italia\extracted_tifs\c2cff5c1-6233-48e4-8dfa-f214c5a2c913\CLMS_UA_BBH_S2021_R10m_IT028L3_PADOVA_03035_V02_R03_20260226.tif,True,OK,1492,1426,1,uint16,EPSG:3035,3035,10.0,10.0,65535.0,1.0,0.0,4461000.0,2471740.0,4475920.0,2486000.0,True,True,True,True,2127592,1934687,0,192905,3.0,71.0,3.0,71.0,7.173349576216272,4.598932325481989
8d8930c6-d029-4ea6-82a5-09093b044e31,CLMS_UA_BBH_S2021_R10m_IT029L3_BRESCIA_03035_V02_R03_20260226,C:\Users\ricca\Sport & Culture Urban Climate\data_raw\urban_atlas_bbh_2021_italia\extracted_tifs\8d8930c6-d029-4ea6-82a5-09093b044e31\CLMS_UA_BBH_S2021_R10m_IT029L3_BRESCIA_03035_V02_R03_20260226.tif,True,OK,1193,1542,1,uint16,EPSG:3035,3035,10.0,10.0,65535.0,1.0,0.0,4332540.0,2485520.0,4344470.0,2500940.0,True,True,True,True,1839606,1670438,0,169168,3.0,55.0,3.0,55.0,9.68630592074151,5.210993300182637
781f6331-e293-4d53-a054-6999087d87a1,CLMS_UA_BBH_S2021_R10m_IT030L3_MODENA_03035_V02_R03_20260226,C:\Users\ricca\Sport & Culture Urban Climate\data_raw\urban_atlas_bbh_2021_italia\extracted_tifs\781f6331-e293-4d53-a054-6999087d87a1\CLMS_UA_BBH_S2021_R10m_IT030L3_MODENA_03035_V02_R03_20260226.tif,True,OK,1806,1969,1,uint16,EPSG:3035,3035,10.0,10.0,65535.0,1.0,0.0,4383180.0,2384020.0,4401240.0,2403710.0,True,True,True,True,3556014,3426169,0,129845,3.0,52.0,3.0,52.0,5.888289884092572,3.696364562200739
8eb248d5-985b-4056-82ff-bc241cf4a1ad,CLMS_UA_BBH_S2021_R10m_IT031L3_FOGGIA_03035_V02_R03_20260226,C:\Users\ricca\Sport & Culture Urban Climate\data_raw\urban_atlas_bbh_2021_italia\extracted_tifs\8eb248d5-985b-4056-82ff-bc241cf4a1ad\CLMS_UA_BBH_S2021_R10m_IT031L3_FOGGIA_03035_V02_R03_20260226.tif,True,OK,2889,3101,1,uint16,EPSG:3035,3035,10.0,10.0,65535.0,1.0,0.0,4776910.0,2042530.0,4805800.0,2073540.0,True,True,True,True,8958789,8858245,0,100544,3.0,55.0,3.0,55.0,8.191209818586888,6.1960906977811065
26f2c141-12f5-4431-a981-74396d23dd84,CLMS_UA_BBH_S2021_R10m_IT032L3_SALERNO_03035_V02_R03_20260226,C:\Users\ricca\Sport & Culture Urban Climate\data_raw\urban_atlas_bbh_2021_italia\extracted_tifs\26f2c141-12f5-4431-a981-74396d23dd84\CLMS_UA_BBH_S2021_R10m_IT032L3_SALERNO_03035_V02_R03_20260226.tif,True,OK,1196,1025,1,uint16,EPSG:3035,3035,10.0,10.0,65535.0,1.0,0.0,4722850.0,1960750.0,4734810.0,1971000.0,True,True,True,True,1225900,1163937,0,61963,3.0,59.0,3.0,59.0,8.555928537998483,5.561450451477975
104dc0b9-046a-49b8-b258-24b55281b9d4,CLMS_UA_BBH_S2021_R10m_IT033L2_PIACENZA_03035_V02_R03_20260226,C:\Users\ricca\Sport & Culture Urban Climate\data_raw\urban_atlas_bbh_2021_italia\extracted_tifs\104dc0b9-046a-49b8-b258-24b55281b9d4\CLMS_UA_BBH_S2021_R10m_IT033L2_PIACENZA_03035_V02_R03_20260226.tif,True,OK,1652,1057,1,uint16,EPSG:3035,3035,10.0,10.0,65535.0,1.0,0.0,4289840.0,2431250.0,4306360.0,2441820.0,True,True,True,True,1746164,1655112,0,91052,3.0,51.0,3.0,51.0,8.419167069366955,4.71702207950976
0a6978b4-03b2-46b2-93e6-92f24345905b,CLMS_UA_BBH_S2021_R10m_IT034L1_BOLZANO_03035_V02_R03_20260226,C:\Users\ricca\Sport & Culture Urban Climate\data_raw\urban_atlas_bbh_2021_italia\extracted_tifs\0a6978b4-03b2-46b2-93e6-92f24345905b\CLMS_UA_BBH_S2021_R10m_IT034L1_BOLZANO_03035_V02_R03_20260226.tif,True,OK,1085,911,1,uint16,EPSG:3035,3035,10.0,10.0,65535.0,1.0,0.0,4419060.0,2593350.0,4429910.0,2602460.0,True,True,True,True,988435,938295,0,50140,3.0,60.0,3.0,60.0,11.656122856003192,6.8458886981803975
4367d3f5-6c42-4932-99a1-2ce4ccc2bd3c,CLMS_UA_BBH_S2021_R10m_IT035L2_UDINE_03035_V02_R03_20260226,C:\Users\ricca\Sport & Culture Urban Climate\data_raw\urban_atlas_bbh_2021_italia\extracted_tifs\4367d3f5-6c42-4932-99a1-2ce4ccc2bd3c\CLMS_UA_BBH_S2021_R10m_IT035L2_UDINE_03035_V02_R03_20260226.tif,True,OK,826,1252,1,uint16,EPSG:3035,3035,10.0,10.0,65535.0,1.0,0.0,4567550.0,2548770.0,4575810.0,2561290.0,True,True,True,True,1034152,949452,0,84700,3.0,48.0,3.0,48.0,7.496788665879575,4.714996706003974
1a64c856-d8e7-4c2c-8084-35a9a2f2a5f7,CLMS_UA_BBH_S2021_R10m_IT036L2_LA_SPEZIA_03035_V02_R03_20260226,C:\Users\ricca\Sport & Culture Urban Climate\data_raw\urban_atlas_bbh_2021_italia\extracted_tifs\1a64c856-d8e7-4c2c-8084-35a9a2f2a5f7\CLMS_UA_BBH_S2021_R10m_IT036L2_LA_SPEZIA_03035_V02_R03_20260226.tif,True,OK,1025,967,1,uint16,EPSG:3035,3035,10.0,10.0,65535.0,1.0,0.0,4302100.0,2328260.0,4312350.0,2337930.0,True,True,True,True,991175,939606,0,51569,3.0,63.0,3.0,63.0,11.346933235083092,7.754861305519876
18fddbf5-6985-4067-9a48-e338c4c4778f,CLMS_UA_BBH_S2021_R10m_IT037L1_LECCE_03035_V02_R03_20260226,C:\Users\ricca\Sport & Culture Urban Climate\data_raw\urban_atlas_bbh_2021_italia\extracted_tifs\18fddbf5-6985-4067-9a48-e338c4c4778f\CLMS_UA_BBH_S2021_R10m_IT037L1_LECCE_03035_V02_R03_20260226.tif,True,OK,2245,1954,1,uint16,EPSG:3035,3035,10.0,10.0,65535.0,1.0,0.0,5005750.0,1950090.0,5028200.0,1969630.0,True,True,True,True,4386730,4287223,0,99507,3.0,43.0,3.0,43.0,6.930155667440482,4.8886426578525315
ee0bb333-765f-467a-a71d-5910b4599998,CLMS_UA_BBH_S2021_R10m_IT038L1_BARLETTA_03035_V02_R03_20260226,C:\Users\ricca\Sport & Culture Urban Climate\data_raw\urban_atlas_bbh_2021_italia\extracted_tifs\ee0bb333-765f-467a-a71d-5910b4599998\CLMS_UA_BBH_S2021_R10m_IT038L1_BARLETTA_03035_V02_R03_20260226.tif,True,OK,2311,1450,1,uint16,EPSG:3035,3035,10.0,10.0,65535.0,1.0,0.0,4831580.0,2035620.0,4854690.0,2050120.0,True,True,True,True,3350950,3305169,0,45781,3.0,49.0,3.0,49.0,8.839343832594308,6.6373009643863865
37aa87d1-3166-4dec-b4a0-adc775ff94c9,CLMS_UA_BBH_S2021_R10m_IT039L2_PESARO_03035_V02_R03_20260226,C:\Users\ricca\Sport & Culture Urban Climate\data_raw\urban_atlas_bbh_2021_italia\extracted_tifs\37aa87d1-3166-4dec-b4a0-adc775ff94c9\CLMS_UA_BBH_S2021_R10m_IT039L2_PESARO_03035_V02_R03_20260226.tif,True,OK,1553,2144,1,uint16,EPSG:3035,3035,10.0,10.0,65535.0,1.0,0.0,4544090.0,2300020.0,4559620.0,2321460.0,True,True,True,True,3329632,3253455,0,76177,3.0,45.0,3.0,45.0,6.1826929388135525,3.549167555995309
e161f6ea-3e1a-464b-a0fa-cfa574013af2,CLMS_UA_BBH_S2021_R10m_IT040L2_COMO_03035_V02_R03_20260226,C:\Users\ricca\Sport & Culture Urban Climate\data_raw\urban_atlas_bbh_2021_italia\extracted_tifs\e161f6ea-3e1a-464b-a0fa-cfa574013af2\CLMS_UA_BBH_S2021_R10m_IT040L2_COMO_03035_V02_R03_20260226.tif,True,OK,1100,1026,1,uint16,EPSG:3035,3035,10.0,10.0,65535.0,1.0,0.0,4243000.0,2516740.0,4254000.0,2527000.0,True,True,True,True,1128600,1051487,0,77113,3.0,40.0,3.0,40.0,8.711669887048876,5.304975776883142
490122b0-825b-4289-b34d-06594f2b481c,CLMS_UA_BBH_S2021_R10m_IT041L2_PISA_03035_V02_R03_20260226,C:\Users\ricca\Sport & Culture Urban Climate\data_raw\urban_atlas_bbh_2021_italia\extracted_tifs\490122b0-825b-4289-b34d-06594f2b481c\CLMS_UA_BBH_S2021_R10m_IT041L2_PISA_03035_V02_R03_20260226.tif,True,OK,2280,1728,1,uint16,EPSG:3035,3035,10.0,10.0,65535.0,1.0,0.0,4342790.0,2275070.0,4365590.0,2292350.0,True,True,True,True,3939840,3808018,0,131822,3.0,49.0,3.0,49.0,9.06149959794268,5.327711192666915
3c481f70-392b-4ed8-b2b1-9ee3d83d3017,CLMS_UA_BBH_S2021_R10m_IT042L1_TREVISO_03035_V02_R03_20260226,C:\Users\ricca\Sport & Culture Urban Climate\data_raw\urban_atlas_bbh_2021_italia\extracted_tifs\3c481f70-392b-4ed8-b2b1-9ee3d83d3017\CLMS_UA_BBH_S2021_R10m_IT042L1_TREVISO_03035_V02_R03_20260226.tif,True,OK,919,1051,1,uint16,EPSG:3035,3035,10.0,10.0,65535.0,1.0,0.0,4490380.0,2502680.0,4499570.0,2513190.0,True,True,True,True,965869,889804,0,76065,3.0,34.0,3.0,34.0,6.004443568001052,4.017104195411796
9f089080-8b35-4d7b-a54b-5eaedf4e1ad5,CLMS_UA_BBH_S2021_R10m_IT043L2_VARESE_03035_V02_R03_20260226,C:\Users\ricca\Sport & Culture Urban Climate\data_raw\urban_atlas_bbh_2021_italia\extracted_tifs\9f089080-8b35-4d7b-a54b-5eaedf4e1ad5\CLMS_UA_BBH_S2021_R10m_IT043L2_VARESE_03035_V02_R03_20260226.tif,True,OK,918,1135,1,uint16,EPSG:3035,3035,10.0,10.0,65535.0,1.0,0.0,4223860.0,2519110.0,4233040.0,2530460.0,True,True,True,True,1041930,968916,0,73014,3.0,44.0,3.0,44.0,7.931232366395486,4.55610549920126
d04e9ae6-9c35-420f-a9a0-586fe73325d4,CLMS_UA_BBH_S2021_R10m_IT045L2_ASTI_03035_V02_R03_20260226,C:\Users\ricca\Sport & Culture Urban Climate\data_raw\urban_atlas_bbh_2021_italia\extracted_tifs\d04e9ae6-9c35-420f-a9a0-586fe73325d4\CLMS_UA_BBH_S2021_R10m_IT045L2_ASTI_03035_V02_R03_20260226.tif,True,OK,1791,1683,1,uint16,EPSG:3035,3035,10.0,10.0,65535.0,1.0,0.0,4169940.0,2416170.0,4187850.0,2433000.0,True,True,True,True,3014253,2947123,0,67130,3.0,50.0,3.0,50.0,7.532176374199315,4.801796238701285
8bf6884e-7d54-4c49-9719-ae8b819cb46f,CLMS_UA_BBH_S2021_R10m_IT046L2_PAVIA_03035_V02_R03_20260226,C:\Users\ricca\Sport & Culture Urban Climate\data_raw\urban_atlas_bbh_2021_italia\extracted_tifs\8bf6884e-7d54-4c49-9719-ae8b819cb46f\CLMS_UA_BBH_S2021_R10m_IT046L2_PAVIA_03035_V02_R03_20260226.tif,True,OK,1109,834,1,uint16,EPSG:3035,3035,10.0,10.0,65535.0,1.0,0.0,4249810.0,2449870.0,4260900.0,2458210.0,True,True,True,True,924906,876150,0,48756,3.0,59.0,3.0,59.0,9.130568545409796,5.3514608057764725
2c5eeb2b-deed-42e3-a84d-d592a484856a,CLMS_UA_BBH_S2021_R10m_IT047L1_MASSA_03035_V02_R03_20260226,C:\Users\ricca\Sport & Culture Urban Climate\data_raw\urban_atlas_bbh_2021_italia\extracted_tifs\2c5eeb2b-deed-42e3-a84d-d592a484856a\CLMS_UA_BBH_S2021_R10m_IT047L1_MASSA_03035_V02_R03_20260226.tif,True,OK,1215,1246,1,uint16,EPSG:3035,3035,10.0,10.0,65535.0,1.0,0.0,4325830.0,2318990.0,4337980.0,2331450.0,True,True,True,True,1513890,1442199,0,71691,3.0,37.0,3.0,37.0,6.883151302116025,3.9573794671794063
5a768388-ea52-4cb6-9ea1-244ee2bf5aeb,CLMS_UA_BBH_S2021_R10m_IT048L2_COSENZA_03035_V02_R03_20260226,C:\Users\ricca\Sport & Culture Urban Climate\data_raw\urban_atlas_bbh_2021_italia\extracted_tifs\5a768388-ea52-4cb6-9ea1-244ee2bf5aeb\CLMS_UA_BBH_S2021_R10m_IT048L2_COSENZA_03035_V02_R03_20260226.tif,True,OK,946,1394,1,uint16,EPSG:3035,3035,10.0,10.0,65535.0,1.0,0.0,4859000.0,1816060.0,4868460.0,1830000.0,True,True,True,True,1318724,1272603,0,46121,3.0,60.0,3.0,60.0,10.255371739554649,7.428416773772798
a7b65760-f5d9-492e-a6bc-11ded76cdea7,CLMS_UA_BBH_S2021_R10m_IT052L1_SAVONA_03035_V02_R03_20260226,C:\Users\ricca\Sport & Culture Urban Climate\data_raw\urban_atlas_bbh_2021_italia\extracted_tifs\a7b65760-f5d9-492e-a6bc-11ded76cdea7\CLMS_UA_BBH_S2021_R10m_IT052L1_SAVONA_03035_V02_R03_20260226.tif,True,OK,1438,1336,1,uint16,EPSG:3035,3035,10.0,10.0,65535.0,1.0,0.0,4188620.0,2352000.0,4203000.0,2365360.0,True,True,True,True,1921168,1886417,0,34751,3.0,75.0,3.0,75.0,10.903024373399326,7.281880866897978
d54dadb6-376d-4343-a08f-9d7cd625197b,CLMS_UA_BBH_S2021_R10m_IT054L1_MATERA_03035_V02_R03_20260226,C:\Users\ricca\Sport & Culture Urban Climate\data_raw\urban_atlas_bbh_2021_italia\extracted_tifs\d54dadb6-376d-4343-a08f-9d7cd625197b\CLMS_UA_BBH_S2021_R10m_IT054L1_MATERA_03035_V02_R03_20260226.tif,True,OK,2619,2052,1,uint16,EPSG:3035,3035,10.0,10.0,65535.0,1.0,0.0,4865470.0,1966220.0,4891660.0,1986740.0,True,True,True,True,5374188,5324496,0,49692,3.0,50.0,3.0,50.0,6.504065040650406,3.8216186301085
65c8bd2f-b2b3-40f8-8fb3-80205e95e951,CLMS_UA_BBH_S2021_R10m_IT056L1_ACIREALE_03035_V02_R03_20260226,C:\Users\ricca\Sport & Culture Urban Climate\data_raw\urban_atlas_bbh_2021_italia\extracted_tifs\65c8bd2f-b2b3-40f8-8fb3-80205e95e951\CLMS_UA_BBH_S2021_R10m_IT056L1_ACIREALE_03035_V02_R03_20260226.tif,True,OK,747,1188,1,uint16,EPSG:3035,3035,10.0,10.0,65535.0,1.0,0.0,4775450.0,1626430.0,4782920.0,1638310.0,True,True,True,True,887436,843329,0,44107,3.0,45.0,3.0,45.0,7.501507697190922,5.2038688903618375
f2595396-c5d6-4503-ad19-bc4bd4df28e8,CLMS_UA_BBH_S2021_R10m_IT057L2_AVELLINO_03035_V02_R03_20260226,C:\Users\ricca\Sport & Culture Urban Climate\data_raw\urban_atlas_bbh_2021_italia\extracted_tifs\f2595396-c5d6-4503-ad19-bc4bd4df28e8\CLMS_UA_BBH_S2021_R10m_IT057L2_AVELLINO_03035_V02_R03_20260226.tif,True,OK,739,747,1,uint16,EPSG:3035,3035,10.0,10.0,65535.0,1.0,0.0,4722610.0,1988490.0,4730000.0,1995960.0,True,True,True,True,552033,518916,0,33117,3.0,45.0,3.0,45.0,11.006069390343328,6.138037751993188
bb109dd4-84f5-448f-894a-53cfbcb0b738,CLMS_UA_BBH_S2021_R10m_IT058L2_PORDENONE_03035_V02_R03_20260226,C:\Users\ricca\Sport & Culture Urban Climate\data_raw\urban_atlas_bbh_2021_italia\extracted_tifs\bb109dd4-84f5-448f-894a-53cfbcb0b738\CLMS_UA_BBH_S2021_R10m_IT058L2_PORDENONE_03035_V02_R03_20260226.tif,True,OK,900,1097,1,uint16,EPSG:3035,3035,10.0,10.0,65535.0,1.0,0.0,4523000.0,2536030.0,4532000.0,2547000.0,True,True,True,True,987300,905227,0,82073,3.0,46.0,3.0,46.0,6.4919035492793,3.9654651730692514
fa90e94d-b403-4823-8285-b9e5c25db35e,CLMS_UA_BBH_S2021_R10m_IT060L1_LECCO_03035_V02_R03_20260226,C:\Users\ricca\Sport & Culture Urban Climate\data_raw\urban_atlas_bbh_2021_italia\extracted_tifs\fa90e94d-b403-4823-8285-b9e5c25db35e\CLMS_UA_BBH_S2021_R10m_IT060L1_LECCO_03035_V02_R03_20260226.tif,True,OK,1002,1012,1,uint16,EPSG:3035,3035,10.0,10.0,65535.0,1.0,0.0,4270000.0,2522640.0,4280020.0,2532760.0,True,True,True,True,1014024,970033,0,43991,3.0,77.0,3.0,77.0,10.1795367234207,5.648485652789748
a8a5ad99-a241-4fae-8f1b-07d8a9b2bc9a,CLMS_UA_BBH_S2021_R10m_IT061L0_ALTAMURA_03035_V02_R03_20260226,C:\Users\ricca\Sport & Culture Urban Climate\data_raw\urban_atlas_bbh_2021_italia\extracted_tifs\a8a5ad99-a241-4fae-8f1b-07d8a9b2bc9a\CLMS_UA_BBH_S2021_R10m_IT061L0_ALTAMURA_03035_V02_R03_20260226.tif,True,OK,2897,2598,1,uint16,EPSG:3035,3035,10.0,10.0,65535.0,1.0,0.0,4858510.0,1982630.0,4887480.0,2008610.0,True,True,True,True,7526406,7479580,0,46826,3.0,36.0,3.0,36.0,7.146243539913723,4.072319908641489
a59f9d59-485d-42b1-86bb-3085e9efd8e6,CLMS_UA_BBH_S2021_R10m_IT064L1_BATTIPAGLIA_03035_V02_R03_20260226,C:\Users\ricca\Sport & Culture Urban Climate\data_raw\urban_atlas_bbh_2021_italia\extracted_tifs\a59f9d59-485d-42b1-86bb-3085e9efd8e6\CLMS_UA_BBH_S2021_R10m_IT064L1_BATTIPAGLIA_03035_V02_R03_20260226.tif,True,OK,1164,1088,1,uint16,EPSG:3035,3035,10.0,10.0,65535.0,1.0,0.0,4736080.0,1952570.0,4747720.0,1963450.0,True,True,True,True,1266432,1228812,0,37620,3.0,33.0,3.0,33.0,6.990723019670388,4.504725389288946
5ae1c2dc-59b9-4cb7-af93-4f741f8d5205,CLMS_UA_BBH_S2021_R10m_IT065L0_BISCEGLIE_03035_V02_R03_20260226,C:\Users\ricca\Sport & Culture Urban Climate\data_raw\urban_atlas_bbh_2021_italia\extracted_tifs\5ae1c2dc-59b9-4cb7-af93-4f741f8d5205\CLMS_UA_BBH_S2021_R10m_IT065L0_BISCEGLIE_03035_V02_R03_20260226.tif,True,OK,913,1104,1,uint16,EPSG:3035,3035,10.0,10.0,65535.0,1.0,0.0,4861940.0,2029660.0,4871070.0,2040700.0,True,True,True,True,1007952,983931,0,24021,3.0,51.0,3.0,51.0,7.671495774530619,5.431433448384168
86fc7cb8-dff9-4b7b-b353-736da7e9bc35,CLMS_UA_BBH_S2021_R10m_IT066L1_CARPI_03035_V02_R03_20260226,C:\Users\ricca\Sport & Culture Urban Climate\data_raw\urban_atlas_bbh_2021_italia\extracted_tifs\86fc7cb8-dff9-4b7b-b353-736da7e9bc35\CLMS_UA_BBH_S2021_R10m_IT066L1_CARPI_03035_V02_R03_20260226.tif,True,OK,1483,1937,1,uint16,EPSG:3035,3035,10.0,10.0,65535.0,1.0,0.0,4385590.0,2400970.0,4400420.0,2420340.0,True,True,True,True,2872571,2797607,0,74964,3.0,33.0,3.0,33.0,6.298249826583427,3.2433612780630927
3f585c23-91ac-438b-8281-24840abc1109,CLMS_UA_BBH_S2021_R10m_IT067L0_CERIGNOLA_03035_V02_R05_20260226,C:\Users\ricca\Sport & Culture Urban Climate\data_raw\urban_atlas_bbh_2021_italia\extracted_tifs\3f585c23-91ac-438b-8281-24840abc1109\CLMS_UA_BBH_S2021_R10m_IT067L0_CERIGNOLA_03035_V02_R05_20260226.tif,True,OK,2684,3656,1,uint16,EPSG:3035,3035,10.0,10.0,65535.0,1.0,0.0,4800630.0,2021720.0,4827470.0,2058280.0,True,True,True,True,9812704,9770273,0,42431,3.0,58.0,3.0,58.0,6.498432749640593,4.014948282277111
7bacdd7d-41f5-4252-9a83-9c2a5f028522,CLMS_UA_BBH_S2021_R10m_IT069L1_GELA_03035_V02_R03_20260226,C:\Users\ricca\Sport & Culture Urban Climate\data_raw\urban_atlas_bbh_2021_italia\extracted_tifs\7bacdd7d-41f5-4252-9a83-9c2a5f028522\CLMS_UA_BBH_S2021_R10m_IT069L1_GELA_03035_V02_R03_20260226.tif,True,OK,2888,1867,1,uint16,EPSG:3035,3035,10.0,10.0,65535.0,1.0,0.0,4689600.0,1558910.0,4718480.0,1577580.0,True,True,True,True,5391896,5340528,0,51368,3.0,35.0,3.0,35.0,7.402896745055287,4.4570962777898275
068e288a-5608-41b5-81d5-dce125773385,CLMS_UA_BBH_S2021_R10m_IT073L1_SASSUOLO_03035_V02_R03_20260226,C:\Users\ricca\Sport & Culture Urban Climate\data_raw\urban_atlas_bbh_2021_italia\extracted_tifs\068e288a-5608-41b5-81d5-dce125773385\CLMS_UA_BBH_S2021_R10m_IT073L1_SASSUOLO_03035_V02_R03_20260226.tif,True,OK,1124,1289,1,uint16,EPSG:3035,3035,10.0,10.0,65535.0,1.0,0.0,4378470.0,2375720.0,4389710.0,2388610.0,True,True,True,True,1448836,1398637,0,50199,3.0,49.0,3.0,49.0,6.032889101376521,3.4025484866172735
67294900-26f8-43cb-9cf8-5833337d1c07,CLMS_UA_BBH_S2021_R10m_IT501L2_MESSINA_03035_V02_R03_20260226,C:\Users\ricca\Sport & Culture Urban Climate\data_raw\urban_atlas_bbh_2021_italia\extracted_tifs\67294900-26f8-43cb-9cf8-5833337d1c07\CLMS_UA_BBH_S2021_R10m_IT501L2_MESSINA_03035_V02_R03_20260226.tif,True,OK,1814,2758,1,uint16,EPSG:3035,3035,10.0,10.0,65535.0,1.0,0.0,4800500.0,1681140.0,4818640.0,1708720.0,True,True,True,True,5003012,4886412,0,116600,3.0,60.0,3.0,60.0,7.933490566037736,5.339552100355918
487ed455-a03d-4cbc-a5a4-210f27c3d28f,CLMS_UA_BBH_S2021_R10m_IT502L2_PRATO_03035_V02_R03_20260226,C:\Users\ricca\Sport & Culture Urban Climate\data_raw\urban_atlas_bbh_2021_italia\extracted_tifs\487ed455-a03d-4cbc-a5a4-210f27c3d28f\CLMS_UA_BBH_S2021_R10m_IT502L2_PRATO_03035_V02_R03_20260226.tif,True,OK,1331,1470,1,uint16,EPSG:3035,3035,10.0,10.0,65535.0,1.0,0.0,4402690.0,2301390.0,4416000.0,2316090.0,True,True,True,True,1956570,1811936,0,144634,3.0,38.0,3.0,38.0,6.759945794211596,3.7940478014060215
9c25204b-71ba-4583-acf1-c3704f2c01b8,CLMS_UA_BBH_S2021_R10m_IT503L3_PARMA_03035_V02_R03_20260226,C:\Users\ricca\Sport & Culture Urban Climate\data_raw\urban_atlas_bbh_2021_italia\extracted_tifs\9c25204b-71ba-4583-acf1-c3704f2c01b8\CLMS_UA_BBH_S2021_R10m_IT503L3_PARMA_03035_V02_R03_20260226.tif,True,OK,1765,2617,1,uint16,EPSG:3035,3035,10.0,10.0,65535.0,1.0,0.0,4338180.0,2394910.0,4355830.0,2421080.0,True,True,True,True,4619005,4468828,0,150177,3.0,57.0,3.0,57.0,7.947934770304374,4.334313272715268
ac795ab5-5e55-4b4a-ae44-705325da5e61,CLMS_UA_BBH_S2021_R10m_IT504L3_LIVORNO_03035_V02_R03_20260226,C:\Users\ricca\Sport & Culture Urban Climate\data_raw\urban_atlas_bbh_2021_italia\extracted_tifs\ac795ab5-5e55-4b4a-ae44-705325da5e61\CLMS_UA_BBH_S2021_R10m_IT504L3_LIVORNO_03035_V02_R03_20260226.tif,True,OK,4254,1920,1,uint16,EPSG:3035,3035,10.0,10.0,65535.0,1.0,0.0,4312240.0,2257100.0,4354780.0,2276300.0,True,True,True,True,8167680,8080816,0,86864,3.0,126.0,3.0,126.0,10.703951003868116,6.764225920430801
d059f8c6-0786-428f-89fd-f9bb4662a496,CLMS_UA_BBH_S2021_R10m_IT505L3_REGGIO_NELL_EMILIA_03035_V02_R03_20260226,C:\Users\ricca\Sport & Culture Urban Climate\data_raw\urban_atlas_bbh_2021_italia\extracted_tifs\d059f8c6-0786-428f-89fd-f9bb4662a496\CLMS_UA_BBH_S2021_R10m_IT505L3_REGGIO_NELL_EMILIA_03035_V02_R03_20260226.tif,True,OK,2245,1652,1,uint16,EPSG:3035,3035,10.0,10.0,65535.0,1.0,0.0,4360030.0,2390620.0,4382480.0,2407140.0,True,True,True,True,3708740,3552708,0,156032,3.0,51.0,3.0,51.0,6.585469647251846,3.5869371809005504
17635102-1f7f-4de7-afd8-ca6aa7c140db,CLMS_UA_BBH_S2021_R10m_IT506L2_RAVENNA_03035_V02_R03_20260226,C:\Users\ricca\Sport & Culture Urban Climate\data_raw\urban_atlas_bbh_2021_italia\extracted_tifs\17635102-1f7f-4de7-afd8-ca6aa7c140db\CLMS_UA_BBH_S2021_R10m_IT506L2_RAVENNA_03035_V02_R03_20260226.tif,True,OK,2584,4551,1,uint16,EPSG:3035,3035,10.0,10.0,65535.0,1.0,0.0,4482850.0,2347480.0,4508690.0,2392990.0,True,True,True,True,11759784,11559507,0,200277,3.0,51.0,3.0,51.0,7.067246863094614,4.214757194598421
d96b25ef-c7ff-4f38-bf55-90466f1a8780,CLMS_UA_BBH_S2021_R10m_IT507L2_FERRARA_03035_V02_R03_20260226,C:\Users\ricca\Sport & Culture Urban Climate\data_raw\urban_atlas_bbh_2021_italia\extracted_tifs\d96b25ef-c7ff-4f38-bf55-90466f1a8780\CLMS_UA_BBH_S2021_R10m_IT507L2_FERRARA_03035_V02_R03_20260226.tif,True,OK,3300,2853,1,uint16,EPSG:3035,3035,10.0,10.0,65535.0,1.0,0.0,4436770.0,2397450.0,4469770.0,2425980.0,True,True,True,True,9414900,9294550,0,120350,3.0,44.0,3.0,44.0,6.035205650186954,3.163569940866377
718b12fb-3caa-4e48-a45a-297d36abd929,CLMS_UA_BBH_S2021_R10m_IT508L3_RIMINI_03035_V02_R03_20260226,C:\Users\ricca\Sport & Culture Urban Climate\data_raw\urban_atlas_bbh_2021_italia\extracted_tifs\718b12fb-3caa-4e48-a45a-297d36abd929\CLMS_UA_BBH_S2021_R10m_IT508L3_RIMINI_03035_V02_R03_20260226.tif,True,OK,1555,1631,1,uint16,EPSG:3035,3035,10.0,10.0,65535.0,1.0,0.0,4516920.0,2320980.0,4532470.0,2337290.0,True,True,True,True,2536205,2420994,0,115211,3.0,35.0,3.0,35.0,6.302531876296534,3.6967303584023585
cbd934bc-7774-4a97-9161-8530fea79356,CLMS_UA_BBH_S2021_R10m_IT509L3_SIRACUSA_03035_V02_R03_20260226,C:\Users\ricca\Sport & Culture Urban Climate\data_raw\urban_atlas_bbh_2021_italia\extracted_tifs\cbd934bc-7774-4a97-9161-8530fea79356\CLMS_UA_BBH_S2021_R10m_IT509L3_SIRACUSA_03035_V02_R03_20260226.tif,True,OK,2219,1865,1,uint16,EPSG:3035,3035,10.0,10.0,65535.0,1.0,0.0,4777300.0,1557970.0,4799490.0,1576620.0,True,True,True,True,4138435,4042005,0,96430,3.0,43.0,3.0,43.0,6.654391786788344,5.165554228059852
50fc6c8f-38f8-4647-8904-5be36f589c58,CLMS_UA_BBH_S2021_R10m_IT511L2_BERGAMO_03035_V02_R03_20260226,C:\Users\ricca\Sport & Culture Urban Climate\data_raw\urban_atlas_bbh_2021_italia\extracted_tifs\50fc6c8f-38f8-4647-8904-5be36f589c58\CLMS_UA_BBH_S2021_R10m_IT511L2_BERGAMO_03035_V02_R03_20260226.tif,True,OK,1800,1121,1,uint16,EPSG:3035,3035,10.0,10.0,65535.0,1.0,0.0,4286000.0,2504790.0,4304000.0,2516000.0,True,True,True,True,2017800,1801634,0,216166,3.0,39.0,3.0,39.0,7.270537457324464,4.381203188944546
fe2b6612-bc84-4e51-a5aa-c515fa442fbc,CLMS_UA_BBH_S2021_R10m_IT512L3_FORLI_03035_V02_R03_20260226,C:\Users\ricca\Sport & Culture Urban Climate\data_raw\urban_atlas_bbh_2021_italia\extracted_tifs\fe2b6612-bc84-4e51-a5aa-c515fa442fbc\CLMS_UA_BBH_S2021_R10m_IT512L3_FORLI_03035_V02_R03_20260226.tif,True,OK,2281,2257,1,uint16,EPSG:3035,3035,10.0,10.0,65535.0,1.0,0.0,4475120.0,2337390.0,4497930.0,2359960.0,True,True,True,True,5148217,5032537,0,115680,3.0,44.0,3.0,44.0,6.483877939142462,3.664358555048334
48aafee6-8b65-403c-bf7c-b2b9903de07c,CLMS_UA_BBH_S2021_R10m_IT513L3_LATINA_03035_V02_R03_20260226,C:\Users\ricca\Sport & Culture Urban Climate\data_raw\urban_atlas_bbh_2021_italia\extracted_tifs\48aafee6-8b65-403c-bf7c-b2b9903de07c\CLMS_UA_BBH_S2021_R10m_IT513L3_LATINA_03035_V02_R03_20260226.tif,True,OK,2577,1963,1,uint16,EPSG:3035,3035,10.0,10.0,65535.0,1.0,0.0,4548940.0,2036110.0,4574710.0,2055740.0,True,True,True,True,5058651,4939412,0,119239,3.0,75.0,3.0,75.0,5.50299818012563,3.982409048893749
38c6269b-dedc-47f4-8965-a1ee884ac224,CLMS_UA_BBH_S2021_R10m_IT514L2_VICENZA_03035_V02_R03_20260226,C:\Users\ricca\Sport & Culture Urban Climate\data_raw\urban_atlas_bbh_2021_italia\extracted_tifs\38c6269b-dedc-47f4-8965-a1ee884ac224\CLMS_UA_BBH_S2021_R10m_IT514L2_VICENZA_03035_V02_R03_20260226.tif,True,OK,982,1370,1,uint16,EPSG:3035,3035,10.0,10.0,65535.0,1.0,0.0,4437440.0,2487170.0,4447260.0,2500870.0,True,True,True,True,1345340,1245805,0,99535,3.0,53.0,3.0,53.0,8.32610639473552,4.74686171722838
19cf2b97-62ce-4ddb-b3c9-ee2fddfb9eb0,CLMS_UA_BBH_S2021_R10m_IT515L2_TERNI_03035_V02_R03_20260226,C:\Users\ricca\Sport & Culture Urban Climate\data_raw\urban_atlas_bbh_2021_italia\extracted_tifs\19cf2b97-62ce-4ddb-b3c9-ee2fddfb9eb0\CLMS_UA_BBH_S2021_R10m_IT515L2_TERNI_03035_V02_R03_20260226.tif,True,OK,1983,1822,1,uint16,EPSG:3035,3035,10.0,10.0,65535.0,1.0,0.0,4530630.0,2159470.0,4550460.0,2177690.0,True,True,True,True,3613026,3531092,0,81934,3.0,84.0,3.0,84.0,7.071508775355774,5.148733747234084
8890391e-d019-4dfa-94e5-5788c7d6df98,CLMS_UA_BBH_S2021_R10m_IT516L2_NOVARA_03035_V02_R05_20260226,C:\Users\ricca\Sport & Culture Urban Climate\data_raw\urban_atlas_bbh_2021_italia\extracted_tifs\8890391e-d019-4dfa-94e5-5788c7d6df98\CLMS_UA_BBH_S2021_R10m_IT516L2_NOVARA_03035_V02_R05_20260226.tif,True,OK,1304,1353,1,uint16,EPSG:3035,3035,10.0,10.0,65535.0,1.0,0.0,4205760.0,2475530.0,4218800.0,2489060.0,True,True,True,True,1764312,1692676,0,71636,3.0,58.0,3.0,58.0,8.047518007705623,5.13969823741773
2358ebc8-47ab-4544-9998-f775c0b23569,CLMS_UA_BBH_S2021_R10m_IT518L1_ALESSANDRIA_03035_V02_R03_20260226,C:\Users\ricca\Sport & Culture Urban Climate\data_raw\urban_atlas_bbh_2021_italia\extracted_tifs\2358ebc8-47ab-4544-9998-f775c0b23569\CLMS_UA_BBH_S2021_R10m_IT518L1_ALESSANDRIA_03035_V02_R03_20260226.tif,True,OK,2197,1641,1,uint16,EPSG:3035,3035,10.0,10.0,65535.0,1.0,0.0,4203030.0,2415460.0,4225000.0,2431870.0,True,True,True,True,3605277,3504060,0,101217,3.0,49.0,3.0,49.0,7.96351403420374,5.045580261138935
7a406226-c19c-4936-a38c-4138ffc3974a,CLMS_UA_BBH_S2021_R10m_IT519L1_AREZZO_03035_V02_R03_20260226,C:\Users\ricca\Sport & Culture Urban Climate\data_raw\urban_atlas_bbh_2021_italia\extracted_tifs\7a406226-c19c-4936-a38c-4138ffc3974a\CLMS_UA_BBH_S2021_R10m_IT519L1_AREZZO_03035_V02_R03_20260226.tif,True,OK,2689,2524,1,uint16,EPSG:3035,3035,10.0,10.0,65535.0,1.0,0.0,4462480.0,2248600.0,4489370.0,2273840.0,True,True,True,True,6787036,6667739,0,119297,3.0,41.0,3.0,41.0,6.389749951800967,3.8510018475147523
08819632-fc16-4a55-96b1-01ff6cd80742,CLMS_UA_BBH_S2021_R10m_IT520L1_GROSSETO_03035_V02_R03_20260226,C:\Users\ricca\Sport & Culture Urban Climate\data_raw\urban_atlas_bbh_2021_italia\extracted_tifs\08819632-fc16-4a55-96b1-01ff6cd80742\CLMS_UA_BBH_S2021_R10m_IT520L1_GROSSETO_03035_V02_R03_20260226.tif,True,OK,2580,3114,1,uint16,EPSG:3035,3035,10.0,10.0,65535.0,1.0,0.0,4396040.0,2171040.0,4421840.0,2202180.0,True,True,True,True,8034120,7953927,0,80193,3.0,48.0,3.0,48.0,7.2653099397703045,4.3019841377117345
d1ebb65a-4615-4056-9721-07ea2609a4ce,CLMS_UA_BBH_S2021_R10m_IT521L1_BRINDISI_03035_V02_R03_20260226,C:\Users\ricca\Sport & Culture Urban Climate\data_raw\urban_atlas_bbh_2021_italia\extracted_tifs\d1ebb65a-4615-4056-9721-07ea2609a4ce\CLMS_UA_BBH_S2021_R10m_IT521L1_BRINDISI_03035_V02_R03_20260226.tif,True,OK,2683,2351,1,uint16,EPSG:3035,3035,10.0,10.0,65535.0,1.0,0.0,4977150.0,1966850.0,5003980.0,1990360.0,True,True,True,True,6307733,6237836,0,69897,3.0,84.0,3.0,84.0,7.68796944074853,6.823608661871007
630afc3d-9dc9-4573-a179-ce1cb7347100,CLMS_UA_BBH_S2021_R10m_IT522L1_TRAPANI_03035_V02_R03_20260226,C:\Users\ricca\Sport & Culture Urban Climate\data_raw\urban_atlas_bbh_2021_italia\extracted_tifs\630afc3d-9dc9-4573-a179-ce1cb7347100\CLMS_UA_BBH_S2021_R10m_IT522L1_TRAPANI_03035_V02_R03_20260226.tif,True,OK,2753,2158,1,uint16,EPSG:3035,3035,10.0,10.0,65535.0,1.0,0.0,4540550.0,1645010.0,4568080.0,1666590.0,True,True,True,True,5940974,5875411,0,65563,3.0,47.0,3.0,47.0,7.767658587923067,5.50906221910936
d971713f-c86c-41a4-9075-d7998cb0299c,CLMS_UA_BBH_S2021_R10m_IT523L1_RAGUSA_03035_V02_R03_20260226,C:\Users\ricca\Sport & Culture Urban Climate\data_raw\urban_atlas_bbh_2021_italia\extracted_tifs\d971713f-c86c-41a4-9075-d7998cb0299c\CLMS_UA_BBH_S2021_R10m_IT523L1_RAGUSA_03035_V02_R03_20260226.tif,True,OK,3780,2970,1,uint16,EPSG:3035,3035,10.0,10.0,65535.0,1.0,0.0,4720520.0,1535510.0,4758320.0,1565210.0,True,True,True,True,11226600,11137097,0,89503,3.0,56.0,3.0,56.0,6.85065305073573,4.598842739133408
b242c011-b0cf-4cf5-96fd-2fbd061a8955,CLMS_UA_BBH_S2021_R10m_IT524L0_ANDRIA_03035_V02_R03_20260226,C:\Users\ricca\Sport & Culture Urban Climate\data_raw\urban_atlas_bbh_2021_italia\extracted_tifs\b242c011-b0cf-4cf5-96fd-2fbd061a8955\CLMS_UA_BBH_S2021_R10m_IT524L0_ANDRIA_03035_V02_R03_20260226.tif,True,OK,2236,2782,1,uint16,EPSG:3035,3035,10.0,10.0,65535.0,1.0,0.0,4833890.0,2012590.0,4856250.0,2040410.0,True,True,True,True,6220552,6158033,0,62519,3.0,31.0,3.0,31.0,7.169612437818903,4.2839882934501095
213d1255-3fc9-4513-b85e-029dcab0b784,CLMS_UA_BBH_S2021_R10m_IT525L0_TRANI_03035_V02_R03_20260226,C:\Users\ricca\Sport & Culture Urban Climate\data_raw\urban_atlas_bbh_2021_italia\extracted_tifs\213d1255-3fc9-4513-b85e-029dcab0b784\CLMS_UA_BBH_S2021_R10m_IT525L0_TRANI_03035_V02_R03_20260226.tif,True,OK,1157,1526,1,uint16,EPSG:3035,3035,10.0,10.0,65535.0,1.0,0.0,4853010.0,2030000.0,4864580.0,2045260.0,True,True,True,True,1765582,1733433,0,32149,3.0,46.0,3.0,46.0,8.119194998289215,5.363188881494463
16f0c274-463b-41f6-a654-95c81254d750,CLMS_UA_BBH_S2021_R10m_IT526L1_L_AQUILA_03035_V02_R03_20260226,C:\Users\ricca\Sport & Culture Urban Climate\data_raw\urban_atlas_bbh_2021_italia\extracted_tifs\16f0c274-463b-41f6-a654-95c81254d750\CLMS_UA_BBH_S2021_R10m_IT526L1_L_AQUILA_03035_V02_R03_20260226.tif,True,OK,3197,2530,1,uint16,EPSG:3035,3035,10.0,10.0,65535.0,1.0,0.0,4585370.0,2139270.0,4617340.0,2164570.0,True,True,True,True,8088410,7994994,0,93416,3.0,38.0,3.0,38.0,6.696839941765864,3.8425074752485555
