path,size_mb,sha256
app.py,0.042,6798895d72852aa02c5abed17b6b5b8af9a497338013a03c075f1de6504dac6c
data/processed/audit_attributi_originali_STR4B.csv,0.001,2b6cd4fa4c2cf5969ec48603e60182fab2989fb9f8b6345ee9f0b41a4beebb5a
data/processed/audit_finale_strutture_STR7.csv,0.001,53538719f57db5ed54bb7459c165dbff44756cfebc2363302c17d83d768e13c4
data/processed/audit_geolocalizzazione_fonti_STR6A.csv,0.0,d613ba23c3ce8f032c265ae666132a58e17ec8700181940122dd27696ca34729
data/processed/audit_geolocalizzazione_STR6A.csv,0.0,5c32b3c23d228c2535f9a46382bcd00f36b88e9c8ee511652f4175be05717e30
data/processed/audit_provenienza_geolocalizzazione_STR6B.csv,0.0,63aab4a00968d7b9d0328097ebd23625de0f7b28dd0882e520c6225f5226e20e
data/processed/audit_stato_apertura_per_categoria_STR3B.csv,0.001,d5d552d338f207e9d3152244872f3796df6fce71a69da3256ce1bd8fa828ccdc
data/processed/grid_census_sections_compatibility_GRID1C.csv,0.001,13e82f9145095bc9bdc791a1d8df1503468bc9fd7b17e090c2abaa93b71d074d
data/processed/grid_population_compatibility_GRID1B.csv,0.001,44083c4dd9957c945afcaf48b94f351f43dc94692b760f8ffcc361bcb34d95ed
data/processed/grid_resolution_comparison_GRID1A.csv,0.001,c29537e81df3c41d8b19d2d15bcac5a1fa5be26438a47028b859f741bcfec5f1
data/processed/griglia_italia_1km_offerta_domanda_distanze.parquet,23.746,89982df5ba9cc3d9cf242712ea5c4fcc399971fbf37e4d4d39d6477866e9e8b9
data/processed/griglia_italia_500m_accessibilita_buffer.parquet,37.203,3eb37f1f7cdf242b63e4e5bc67ea11cea57c47c2c34745575b27ea7db1e1158a
data/processed/griglia_italia_500m_ambiente_finale.parquet,36.464,c9f6322f4403d279c5a1971e0109535bef8d7ca36b14524e738768c09c657508
data/processed/griglia_italia_500m_contesto_urbano_finale.parquet/part_001.parquet,14.32,d36ce5d37bd9d7ce136aa3697f2a8a2d85b282f6bfc38230e030fbb758ca8bcc
data/processed/griglia_italia_500m_contesto_urbano_finale.parquet/part_002.parquet,14.08,e71c8176886eb7ea33e5a0202fb32cd09a07c4ef800df4628dd30b29d4fbf234
data/processed/griglia_italia_500m_contesto_urbano_finale.parquet/part_003.parquet,14.55,5b8c17e92d6fdd5416c916ae922be6c37b53b248b46c6b8c8422f4b9480aabb0
data/processed/griglia_italia_500m_contesto_urbano_finale.parquet/part_004.parquet,14.138,b86ef94a311a8ee9f1eaec4df68e481e573e4c5c3c8704bde8aa257db383cdea
data/processed/griglia_italia_500m_contesto_urbano_finale.parquet/part_005.parquet,14.323,af1b0b9f02998f742aafb55dd454e77c09136ff153e7b6efe66981a5cd456b65
data/processed/griglia_italia_500m_contesto_urbano_finale.parquet/part_006.parquet,14.229,ea5eff95dedb1cd75016e2ce36bea19f20ea42b70ed8624f8327b44ec1031fd7
data/processed/griglia_italia_500m_contesto_urbano_finale.parquet/part_007.parquet,14.365,f91c4898a505589f3ddc83360602bec433cfd89ce4c0e628a06772772802236f
data/processed/griglia_italia_500m_contesto_urbano_finale.parquet/part_008.parquet,14.274,00024ba38baecac0ea398a0408e7fd87c531d1324bcc762dd1027e42ee91c762
data/processed/griglia_italia_500m_contesto_urbano_finale.parquet/part_009.parquet,2.838,4720cc0b76f5695bf73955d248daac9f350ef1cc163cae9f4589755079f50fea
data/processed/griglia_italia_500m_offerta_domanda_finale.parquet,85.488,b88fdbab9abc2b667925f61df5b3808940d65d426dcfeda88298f1c7e67791fc
data/processed/indicatori_comuni_2023.parquet,1.043,d5d25ef358de4b4255a406c01726824c17b00cc9d9a012ea9840c5de5bc2d506
data/processed/indicatori_province_2023.parquet,0.028,b45d69c28f6c2ed95efee917706de001a353565406403a442d47028c7073a4a6
data/processed/indicatori_regioni_2023.parquet,0.015,d77e368965bd8098c08beaf086dd321481fab28396b2fc4c71605dd51bdcc4da
data/processed/master_registry_griglia_500m_strutture_finale.parquet,19.521,60027ef3511afd2d978e0198fd0dc4fa83868b6ec9312cbf626b842a5b8f0b83
data/processed/master_registry_territorio.parquet,47.179,ad036ce30c0edeea366b34212312130a3d8ee78031a105da264fb3f088ca6100
data/processed/osm_strutture_classificate.parquet,45.104,0e09ce94512aa9394486cb1211ea8eb9b1b90f1a3849883aa6800d729f414eb7
data/processed/population_sources_inventory_GRID1B.csv,0.002,a78a3d5989e77ac6d5f115fc45fd09e500f6c49c2093e27299f1f11bff3c74eb
data/processed/tassonomia_approvata.json,0.001,39ff4ad282a3bfa2c1574ebf2fa3ec3535d833b945a551e54eda697866bc02dd
data/raw/Limiti01012023.zip,85.749,0de94b8b2e5b9edb2da77de5a812b5622afeabbf79ab0d49f81ed56958fc0730
data_processed/ambiente/ambiente_500m_finale_metadata.json,0.001,d6d4f1ae60f0398e8f5f7f51fe4dae93cbb0b381cddd6462ba21363cbfcbfc48
data_processed/ambiente/ambiente_morfologico_2024_500m_metadata.json,0.001,fdd18409a7e8e6863df8d7868d1a6f28b8466e0e01d5d8ace9ea47630bab02e7
data_processed/ambiente/audit_finale_ambiente_500m.csv,0.0,44e2d547771c34e8d8c1932acd7996a17b2d3b2db99283bb7e0f0cba5d07f2eb
data_processed/ambiente/clima_era5land_2024_500m_metadata.json,0.001,a19a05c2b53174044bad1f9ab072aed457c2bb149a968eaecd7bc75b1518a8d9
data_processed/ambiente/eubucco_v0.2_height0_ghs_obat_recoverability_metadata.json,0.002,d5536999a46da0f71798972844c9c3e9268b124adfcd6f15ef7249c485783bf4
data_processed/ambiente/eubucco_v0.2_height_nonpositive_by_geometry_source.csv,0.0,864ddc9c3a8769c02dbc8f4ed1f2b8c4dee463fd8e8d199e6816d53e93ce38ae
data_processed/ambiente/eubucco_v0.2_height_nonpositive_by_height_source.csv,0.0,464d66362dda21bf8d05276b20f4f5e2993aed9b59eb04eb6e906013ed6cdc93
data_processed/ambiente/eubucco_v0.2_height_nonpositive_by_region.csv,0.002,e4a2099e4b890c327bd4d62c10e4a996113bdfc78a32a2341e1e337b4a1f2390
data_processed/ambiente/eubucco_v0.2_italia_audit_metadata.json,0.002,d3db737b907e889c8c7fcdeb3867f209702f2970dcc408aecbebcea9f8430d8c
data_processed/ambiente/eubucco_v0.2_italia_audit_nuts2.csv,0.002,24c40eae6014ab374e1b816d471dc98aff4dd5446f7efced51600f1ee2f7310d
data_processed/ambiente/eubucco_v0.2_italia_geometry_audit_metadata.json,0.001,a11fcd5baeb91dd1afebe89a0b9b0942879fc86617375e441676bca32f237553
data_processed/ambiente/eubucco_v0.2_italia_geometry_audit_nuts2.csv,0.002,2db61054d5bafaaf076fdcbe052c0ac9425aa988300e3fd42a6990d339e4329f
data_processed/ambiente/eubucco_v0.2_italia_geometry_sources.csv,0.001,43c485db2e6bb421a3b8c289263df0b6bd8ce0fb4b1221711334b04b9b7fd44e
data_processed/ambiente/eubucco_v0.2_italia_geometry_types.csv,0.0,f07a68c1c9cb192e2986991cafb3caf7b3b37cdf92bbbfabe859e1cb8d5a400d
data_processed/ambiente/eubucco_v0.2_italia_height_below_2p5m_sources.csv,0.001,00ed98c5097eae49aac4e3ca5d444e1cd492b37f659d02e536ac620bb66248cb
data_processed/ambiente/eubucco_v0.2_italia_height_consolidated_stage1_metadata.json,0.002,a83dce8d854c4f54c35280b813b570445cbe9a03c9170d76ec01822bde8d6736
data_processed/ambiente/eubucco_v0.2_italia_height_final_qc_metadata.json,0.001,f0d7e126acf497fe2d6c351f288face39caf635a4a50d42e10153d9ab3f7f58e
data_processed/ambiente/eubucco_v0.2_italia_height_final_qc_summary.csv,0.0,d8d19f5918cfba09e3a5c187a748e5c80a27339a0aa3e4532c3968f76684971f
data_processed/ambiente/eubucco_v0.2_italia_height_sources.csv,0.0,4442079260715b0d35c1631365ee5db0170c52fc8ce5955cf202ce6ea2604c22
data_processed/ambiente/eubucco_v0.2_italia_qc_finale_metadata.json,0.001,2718852d5f627e066a1cf3565dbf59fe1cedbb6ea42aa4b627addfa1a2b1c0fa
data_processed/ambiente/ghi_stagionale_2024_cams_metadata.json,0.004,07f70d47af795ff8c0f1a441c57d0ce3d6ea08613bf699d1b8e1f34f99a9854c
data_processed/ambiente/ghs_obat_italia_2020_audit_adm1.csv,0.004,3c517f32862a47fe76853185e149c72bf0254c0e626bad314e11cf768cb36708
data_processed/ambiente/ghs_obat_italia_2020_audit_metadata.json,0.003,0e3226d20ca01c947262a25a915dab9862f2fb0df806de961985668ca0bd87bc
data_processed/ambiente/ghs_obat_italia_overture_recoverability_2024-08-20_metadata.json,0.002,6fde40c8374c6ad6a220218ab3bd560a35a233d4e13286d8508ba815b48171a4
data_processed/ambiente/radiazione_solare_cams_2024_500m_metadata.json,0.0,dfaac0e4a96d7c888a228a2ff54e5bfdd037741fdc4a4e41716f0a38d666ec3c
data_processed/ambiente/stress_comfort_termico_era5heat_2024_500m_metadata.json,0.001,c87345f00fba6ef3c78a2e0e77f6fbdcc7449e43afd842264abd0773af31ef04
data_processed/ambiente/temperatura_media_stagionale_2024_era5land_metadata.json,0.003,1059e131fa623539a9f2f5ecd515fed6f0df5244fc1029d38cdff8f69c650571
data_processed/ambiente/umidita_relativa_media_stagionale_2024_era5land_metadata.json,0.003,c4dffc5d883da2e7e04d31dd92e908fb893e76e4d8d159f68d2045de463da369
data_processed/ambiente/urban_atlas_bbh_2021_crs_audit.csv,0.011,dd57b435f6cea101d081012da6fd0fdb41fa890bd48fb512835b2521d9508cd4
data_processed/ambiente/urban_atlas_bbh_2021_italia_audit_metadata.json,0.002,1ef955f779497b579a3cb6cd67dc33ad0de0efd9e769bb8f144474251fdf753c
data_processed/ambiente/urban_atlas_bbh_2021_italia_inventory.csv,0.029,601bc4dcb3abb6108a0e21aa2d39a774ea31d880a842ef74a0b9d255d704c581
data_processed/ambiente/urban_atlas_bbh_2021_italia_raster_audit.csv,0.041,0a7443887307ef913dfd5515f257e56fe2b94f76c3963a715f6c619fc7691a43
data_processed/ambiente/urban_atlas_rasterio_diagnostic.json,0.229,e7ea808f5ee9790bb0c25d376e48006a7b313f2eb0be155d520a7b83abdde261
data_processed/ambiente/utci_mrt_stagionale_2024_era5heat_metadata.json,0.007,39bdf8260f08974ac4d991db93fd58fd8c7c2f751ebd04293453d4d8f3206a4b
data_processed/ambiente/velocita_vento_media_stagionale_2024_era5land_10m_metadata.json,0.003,4d94f1240eda72174d4c7b01cff01fe1bc12a69cb2dd237a06778eea8e2979ec
data_processed/cams_solar_radiation_2024/cams_bhi_2024_annual_kwh_m2.tif,0.114,7e2c0eecee38e34db697c02145ba59a9e0a988a0e0ee880f9c8caf80da964818
data_processed/cams_solar_radiation_2024/cams_dhi_2024_annual_kwh_m2.tif,0.114,7a381093b5dba1eff0e0250a097992abb76be05b76f71f62285c67742e71becb
data_processed/cams_solar_radiation_2024/cams_ghi_2024_annual_kwh_m2.tif,0.114,bbfa9c98488e8ec1dda079e5003af9e5c853e2a45321dbf88ab2c506cdcf0543
data_processed/contesto_urbano/audit_finale_contesto_urbano_500m.csv,0.001,a3115112408e6672caedb91f30d6987bfa02732d196f29d8d2838d69d39dd9b7
data_processed/contesto_urbano/building_surface_density_2024_100m_metadata.json,0.001,b7a59c3dd37c5c7475ef09171d7dcedb4bfd657e118fb560acff4fc6b4130d78
data_processed/contesto_urbano/centralita_urbana_elementare_2021_2026_1km.parquet,8.77,eca8a8c3bfe7982d33fbbed4de6ec149cfb415938753e561209f5b09151d937f
data_processed/contesto_urbano/centralita_urbana_elementare_2021_2026_1km_metadata.json,0.002,c61486c6ae249ba46571f3abe97306d55f61dd177ab092340ee5c634c6fa0fed
data_processed/contesto_urbano/centralita_urbana_elementare_2021_2026_500m_metadata.json,0.002,49df740a111440f54ff60cf7c55b986a8e23279afb91c8d9bb3b216dd8b56c91
data_processed/contesto_urbano/centralita_urbano_funzionale_2021_2026.parquet,0.148,f28ad95b04f9712b0767677c2700fdbb5d57c946d7beed00a904e82576ed3d50
data_processed/contesto_urbano/centralita_urbano_funzionale_2021_2026_metadata.json,0.001,b3887962bf03389538a25974a2181ec9181251b22c462e27160f1e60dd599dcc
data_processed/contesto_urbano/contesto_urbano_500m_finale_metadata.json,0.001,34145726aae852f444ce2dc80d9ae8c512588ee58f821f944c9ebbbee3dd67cf
data_processed/contesto_urbano/continuita_tessuto_urbano_2024_500m_metadata.json,0.002,d6a40dcd3d851a15f6e54717bb5f250262488971d76820c20c6508677faac360
data_processed/contesto_urbano/densita_edilizia_share_built_up_2024_500m_metadata.json,0.001,8fcd1170eb276c95bf45107846e5c894a63dce62f809c293203233e97e3efb76
data_processed/contesto_urbano/mix_funzionale_overture_2026_1km.parquet,9.151,27fb44e5a0ec19f4728a2fa99c7124187a566d4fd98645b605ced6e316a5975f
data_processed/contesto_urbano/mix_funzionale_overture_2026_1km_metadata.json,0.002,0435fd754201b5ae99de9007672eab0b0b93575c2e7f201a28818705bb8b95fa
data_processed/contesto_urbano/mix_funzionale_overture_2026_500m_metadata.json,0.002,ee6bf62ac7e824d65668493f8a121b1f265a72352481603fe982433890e79779
data_processed/contesto_urbano/overture_places_italia_2026-08-19_metadata.json,0.0,dd9f98f3926cea565bc3a7c02c2cd91d35a2edc10d83181a3e2dbe6912db7549
data_processed/contesto_urbano/presenza_servizi_complementari_2026_1km.parquet,9.259,b2522b8aa68c6aacccb74a6e2ec75bf1b1e6202d7c29cceeba19f39fee957ccc
data_processed/contesto_urbano/presenza_servizi_complementari_2026_1km_metadata.json,0.002,f134c855d4387a4f4d6984f128db986b5615be92a2d46faf8730f69b0a7d4fbb
data_processed/contesto_urbano/presenza_servizi_complementari_2026_500m_metadata.json,0.002,0a2b26abb3e3ee3dfd123d47a878dc4737696d20fc7d83dc5009942d71ce65da
data_processed/contesto_urbano/pressione_infrastrutturale_1km.parquet,11.039,c54a02a68eac27ef98a5de98a4451e1b329b25cc1e7e868aa7de01fa7e9f58be
data_processed/contesto_urbano/pressione_infrastrutturale_1km_metadata.json,0.001,9e54dc08094f830bc273893634623ea17e57f31fe28269e6a1b208cb93117d8c
data_processed/contesto_urbano/urban_green_components_2023_2024_metadata.json,0.003,81e862ae751c830b9b2c483e1c14a4da4580424ffb3120c10f0010c3b14547d4
data_processed/contesto_urbano/urban_tissue_continuity_2024_100m_metadata.json,0.001,bb2a894270f2caad09150e0823d094cd97c3a5da6d7e2cd8239655dea793290f
data_processed/contesto_urbano/uso_suolo_circostante_clcplus_2023_1km.parquet,16.737,91a902f7ac33030853497e54fc0f53a2d8000404f656eb320789c24926168503
data_processed/contesto_urbano/uso_suolo_circostante_clcplus_2023_1km_metadata.json,0.002,489adf87d713fc126d721f8cc341e45a7e9339e55f15144a520fb0830a6cea3d
data_processed/contesto_urbano/uso_suolo_circostante_clcplus_2023_500m_metadata.json,0.001,ac3e4e08902ca571bc25ec4c37d2fe022f6c78dbd454af4d0417887d4553907d
data_processed/contesto_urbano/verde_urbano_tree_cover_density_2024_500m_metadata.json,0.001,e01484f3f054557218143cdb061338ddccc0c19709b2b2fabc49201ada71e603
data_processed/output/classificazione_quartili_500m.parquet,8.231,0b7a9c699807d00b52894634e028149ad5200f828871b012445219b85d4630f9
data_processed/output/classificazione_quartili_500m_metadata.json,0.001,45f44501cfeba576fcdf9a7832ea6a68b499fce91d19a1c9d1c17f724f7ad3b7
data_processed/output/cluster_territoriali_500m.parquet,5.922,17749aa85f68c9fe3e2a81670abdba99504d7ebc3bf0b1e271307e9e172dccc7
data_processed/output/cluster_territoriali_500m_metadata.json,0.002,e1fcba8e517aa114981dda8fc90b3c92e5865aaa279bfe06aad06de72e169fb2
data_processed/output/indice_finale_3score_500m.parquet,9.261,a2e023051b76fbdddb34745dccb6bdbef3670b306c7578435ed624d654d5ac3f
data_processed/output/indice_finale_3score_500m_metadata.json,0.001,042b28ec17f548dd99d7cac8dd07ccffc995d6f1fdeb91aa04e641fa821da591
data_processed/output/normalizzazione_offerta_domanda_500m.parquet,11.116,422b6dafe3f524cab7500e9fc1dd8143e10ad7f5babc735cc17a0e859a97e2e5
data_processed/output/normalizzazione_offerta_domanda_500m_metadata.json,0.001,c6b587af2d76cea326d9e4ccaceee15bfef63ad66695a38563cd130d0c16dd31
data_processed/output/ranking_provinciale.csv,0.01,1bb9cefc0fc9b3466e13256a2fd0ac04e05eedd5323bd3508a10e6b120ba4649
data_processed/output/ranking_provinciale.parquet,0.011,ca9c9b7db56fd9ea5433948689eebaf30d2219f98660bda0aa6da788894f0587
data_processed/output/ranking_provinciale_metadata.json,0.001,7bf18644945378e646a0e51892a6866a2dff301314d9700dff289730ce9b1c13
data_processed/output/ranking_regionale.csv,0.002,d0c8bb9f6d83138fe60c7ca8ae3b6ca6a8a98565958eb88b2d7a5f177342418d
data_processed/output/ranking_regionale.parquet,0.006,5835ff692aeae7d9720fe230ffa0d16ed60a274748598036e50df33f5b17378c
data_processed/output/ranking_regionale_metadata.json,0.0,39d98a83b2f37ab152f815677e55e7461a381009bd809dd93126ff2a3e2cf38b
data_processed/output/score_accessibilita_500m.parquet,5.863,81f6a05946ea8a92c25ee8033acfd083433c6288499ad6256ad3eb1eb08eb650
data_processed/output/score_accessibilita_500m_metadata.json,0.0,e4864cd17bc679ef1448c396aa807d473c5159af07fd4c9842ff3e09a83a48b9
data_processed/output/score_attrattivita_territoriale_500m.parquet,8.905,3147f49532336df1943b1f231ffe3a9604e30934733740033c583d2c4afe0c21
data_processed/output/score_attrattivita_territoriale_500m_metadata.json,0.001,f99956df7b1725a1da847870581c070e33cc38ad8e4f834f6198f29a3be57641
data_processed/output/score_comfort_500m.parquet,5.731,58eb4777132720923e4b4a437cedd6bd927d8427a843cf6cec43fccf37baa381
data_processed/output/score_comfort_500m_metadata.json,0.001,7b9f2b199295556bfd5ac5ce8b14eeb7f0ebec58ddf61960f33bbcbdc5b7b610
data_processed/output/score_contesto_urbano_500m.parquet,6.242,5936327e5ed263ea3f5297647ebb31fe3390159509b452d7a6d8daa8f0eb7384
data_processed/output/score_contesto_urbano_500m_metadata.json,0.001,a94ef8b9fec19d1b08d531810b89d9c7ce129a6649a97a8e99ca5e94cbadaed5
data_processed/output/score_offerta_domanda_500m.parquet,8.094,3e63bff2210c0b378c6d6cfb4c0ac4e77779b79f6b03b06d220324995b02fde7
data_processed/output/score_offerta_domanda_500m_metadata.json,0.0,f760acc327df31d498a0cbb86a441ce9c006e370c01cfcd223ea0eda133475d5
data_processed/output/valore_normalizzato_per_cella_500m.parquet,9.507,598dbf2a9a91329ace7bbfbaa7c51a47bc5b3f41ca2c3f645a1d999d32eecc4e
data_processed/output/valore_normalizzato_per_cella_500m_metadata.json,0.0,4a7d6401f4dfa757dc335da0cc0c6028f7cb1705f89d77ecbc5fdc11bd6ad2c1
data_processed/tecnico/registro_tecnico_variabili.csv,0.003,9b5174ecfc756aff1166de61ad193d908ea8b7c1f1a7c29c76f7c678fc8eedc0
data_processed/tecnico/registro_tecnico_variabili.parquet,0.009,a96f2737cfbf5f963d98f84d7de65a9d9b7e7d675234e73d5baa07060fe383d3
README.md,0.0,a2df90a034db4f5a12c8c93c8b6cfefacea794fb9f2362dc321cd4c28be09b88
requirements.txt,0.0,9d35340f21ffc4c5004a2435a4c88dc7f534eb3937e7b6b7c224df9434a0be92
