dominio,categoria,n_strutture,n_con_nome,n_osm,n_opening_hours,n_closed_explicit_osm,pct_opening_hours_su_categoria
CULTURA,biblioteche,25226,24762,5671,1374,10,5.44676127804646
CULTURA,monumenti_complessi,24321,14712,23822,233,3,0.9580198182640517
CULTURA,musei_gallerie_collezioni,10095,9810,7155,1925,18,19.068845963348192
CULTURA,siti_archeologici,9055,7486,8706,236,4,2.6062948647156268
CULTURA,teatri_spettacoli,3197,2522,3201,18,0,0.5630278385986863
CULTURA,cinema,1455,1360,1455,100,7,6.872852233676976
CULTURA,centri_istituti_culturali,986,925,988,43,0,4.36105476673428
CULTURA,,389,389,0,0,0,0.0
CULTURA,archivi,144,142,31,8,0,5.555555555555555
CULTURA,auditorium_musica,22,21,22,2,0,9.090909090909092
SPORT,piscine,116891,1000,116891,70,0,0.05988484998845078
SPORT,campi_sportivi,91746,6061,91746,48,0,0.052318357203583805
SPORT,centri_sportivi,17118,9802,17118,461,1,2.6930716205164154
SPORT,sport_invernali,12073,5817,12073,12,0,0.09939534498467655
SPORT,atletica_piste,3576,260,3576,3,0,0.08389261744966443
SPORT,stadi_arene,2926,1768,2926,62,2,2.1189336978810664
SPORT,palestre_fitness,2744,2338,2744,501,0,18.25801749271137
SPORT,impianti_specializzati,1194,776,1194,27,0,2.261306532663317
SPORT,circuiti_velodromi,419,156,419,5,0,1.1933174224343674
SPORT,sport_nautici,267,256,267,23,0,8.614232209737828
