gruppo,file,campi
ANNO,data\raw\iccu_biblioteche_raw.csv,anno-censimento
CAPACITA_DIMENSIONE,data\processed\griglia_italia_500m_territorio_base.parquet,superficie_cella_km2
CAPACITA_DIMENSIONE,data\processed\griglia_italia_500m_territorio_completo.parquet,superficie_cella_km2
CAPACITA_DIMENSIONE,data\processed\griglia_italia_500m_territorio_finale.parquet,superficie_cella_km2
CAPACITA_DIMENSIONE,data\processed\indicatori_comuni_2023.parquet,superficie_km2
CAPACITA_DIMENSIONE,data\processed\indicatori_province_2023.parquet,superficie_km2
CAPACITA_DIMENSIONE,data\processed\indicatori_regioni_2023.parquet,superficie_km2
CAPACITA_DIMENSIONE,data\processed\osm_strutture_classificate.parquet,capacity
CAPACITA_DIMENSIONE,data\raw\osm_candidati_nazionali_raw.parquet,capacity
PROPRIETA,data\processed\osm_strutture_classificate.parquet,operator
PROPRIETA,data\raw\osm_candidati_nazionali_raw.parquet,operator
STATO_APERTURA,data\processed\audit_stato_apertura_per_categoria_STR3B.csv,"n_opening_hours, n_closed_explicit_osm, pct_opening_hours_su_categoria"
STATO_APERTURA,data\processed\grid_population_compatibility_GRID1B.csv,stato_con_dato_attuale
STATO_APERTURA,data\processed\osm_strutture_classificate.parquet,opening_hours
STATO_APERTURA,data\raw\iccu_biblioteche_raw.csv,stato-registrazione
STATO_APERTURA,data\raw\osm_candidati_nazionali_raw.parquet,opening_hours
